code,name,sector,price,per,pbr,yield,roe,d2e,pos52,mcap,score,flags
6390,加藤製作所,機械,1333.0,3.3437014,0.3557845,5.251312828207052,11.7580004,93.428,0.2635024549918167,14924805120.0,98,売上減(-19%)
1964,中外炉工業,建設業,3995.0,6.2048616,0.9565506,4.155193992490613,13.771,16.442,0.16382252559726962,27891103744.0,90,
5989,エイチワン,金属製品,1493.0,3.8293834,0.510271,4.286671131949095,15.909,92.595,0.5124816446402349,41825390592.0,88,
6430,ダイコク電機,機械,2434.0,6.151436,0.70799714,4.108463434675431,9.932,0.062,0.3861003861003861,35578974208.0,88,利益急減(-39%) / 売上減(-19%)
7231,トピー工業,輸送用機器,2999.0,6.4457197,0.4543472,4.3347782594198065,6.784,46.762,0.3506849315068493,64823504896.0,87,利益急減(-81%)
256A,飛島ホールディングス,建設業,2100.0,8.296788,0.7590155,5.0,9.062000000000001,47.863,0.2681704260651629,40309043200.0,87,
5440,共英製鋼,鉄鋼,1973.0,8.69163,0.40510243,4.5615813482007095,5.173,39.072,0.2798804780876494,85744386048.0,86,
8860,フジ住宅,不動産業,766.0,5.7955666,0.46433136,4.177545691906006,7.4310005,199.842,0.2743362831858407,27472171008.0,86,
5351,品川リフラ,ガラス・土石製品,2015.0,3.5259328,0.8346637,4.466501240694789,27.200999999999997,42.276,0.30995792426367463,91950735360.0,86,
5410,合同製鐵,鉄鋼,3015.0,5.47664,0.31170237,5.970149253731343,4.172,37.788,0.2766964755391899,44090470400.0,85,利益急減(-77%)
8881,日神グループホールディングス,不動産業,666.0,7.412354,0.44240648,5.255255255255255,5.821,80.943,0.37037037037037035,31105275904.0,85,
7820,ニホンフラッシュ,その他製品,704.0,0.5303122,0.50088334,5.113636363636364,3.595,7.057,0.062146892655367235,16020757504.0,85,
5445,東京鐵鋼,鉄鋼,2009.0,6.3652496,0.797845,4.9776007964161275,11.951,15.018,0.5310104899658881,50297548800.0,85,利益急減(-32%)
4251,恵和,化学,1164.0,7.2239804,0.8671225,3.436426116838488,12.788,6.688,0.2129032258064516,21528799232.0,85,
8877,エスリード,不動産業,5260.0,7.2623844,0.9790134,4.562737642585551,14.633,226.085,0.17857142857142858,81158258688.0,85,
6844,新電元工業,電気機器,3030.0,5.5205336,0.419821,3.3003300330033,7.215000000000001,67.615,0.09124356144223694,30848026624.0,84,利益急減(-42%)
4028,石原産業,化学,2988.0,6.8732314,0.89643884,4.016064257028113,10.620000000000001,52.461,0.42755604155276106,114335391744.0,84,利益急減(-79%)
5852,アーレスティ,非鉄金属,656.0,4.550815,0.2921357,6.402439024390244,3.6429997999999997,69.428,0.05454545454545454,16360842240.0,83,
4574,大幸薬品,医薬品,265.0,14.4256935,0.50390285,5.157358490566038,20.142001,0.413,0.21348314606741572,13316564992.0,83,利益急減(-34%)
7095,Ｍａｃｂｅｅ　Ｐｌａｎｅｔ,サービス業,1215.0,7.1685643,1.1998222,4.526748971193416,18.886,36.028,0.13895348837209304,15133728768.0,83,利益急減(-55%)
6209,リケンＮＰＲ,機械,3945.0,7.5766306,0.6418762,5.323193916349809,9.106,14.788,0.6454906409529212,106140082176.0,82,
5970,ジーテクト,金属製品,2325.0,7.3945675,0.43734682,4.129032258064516,7.140000000000001,24.181,0.8917609046849758,99539263488.0,81,
3443,川田テクノロジーズ,金属製品,1381.0,8.221217,0.7206521,3.6446777697320782,10.0039996,17.04,0.351137979669111,70814859264.0,81,
9503,関西電力,電気・ガス業,2360.0,6.9194007,0.73701817,3.389830508474576,12.508,121.085,0.43136058572300184,2629173772288.0,81,
7241,フタバ産業,輸送用機器,1086.0,6.053849,0.69649625,3.959484346224678,12.662,34.934,0.6555555555555556,96983105536.0,80,
7239,タチエス,輸送用機器,2279.0,8.410214,0.7222006,4.60728389644581,10.621,3.706,0.8369565217391305,78216486912.0,80,
2288,丸大食品,食料品,2244.0,5.612245,0.7250973,3.119429590017825,13.184999999999999,19.846,0.6372093023255814,54019112960.0,80,
9628,燦ホールディングス,サービス業,1375.0,6.4432993,0.72846216,4.1454545454545455,,31.864,0.24033149171270718,32298860544.0,80,
8150,三信電気,卸売業,3020.0,7.45679,0.81439286,6.291390728476822,11.364,32.29,0.6377840909090909,36972707840.0,80,
2918,わらべや日洋ホールディングス,食料品,2801.0,9.110424,0.81482166,4.284184219921457,8.331,54.374,0.20762052877138415,48501784576.0,80,利益急減(-36%)
4516,日本新薬,医薬品,3626.0,8.219426,0.82730764,3.419746276889134,11.535,0.865,0.15952518818760858,244395769856.0,80,
1887,日本国土開発,建設業,536.0,7.8431377,0.6007716,3.731343283582089,7.9350000000000005,53.103,0.21794871794871795,42743992320.0,79,
9534,北海道瓦斯,電気・ガス業,790.0,6.0741196,0.70559907,3.10126582278481,10.151,51.341,0.5053003533568905,69784084480.0,78,利益急減(-42%)
6395,タダノ,機械,1331.0,6.686762,0.7756939,3.2306536438767846,12.4139994,62.686,0.6064400715563506,168632041472.0,78,
543A,ＡＲＣＨＩＯＮ,輸送用機器,275.0,1.8901643,0.803572,2.909090909090909,50.815,40.679,0.05901639344262295,758060220416.0,78,
7994,オカムラ,その他製品,2328.0,9.831911,1.0788926,4.166666666666666,10.667,14.728,0.2936378466557912,220398682112.0,78,利益急減(-38%)
6332,月島ホールディングス,機械,2646.0,6.4129906,1.0840495,3.1368102796674227,16.319999,14.138,0.22766323024054982,104784838656.0,78,
1813,不動テトラ,建設業,2757.0,9.357182,1.1241916,4.17120058034095,12.46,22.068,0.22916666666666666,41770463232.0,78,
9509,北海道電力,電気・ガス業,1046.5,5.105874,0.4561042,3.0578117534639273,6.367000000000001,337.444,0.3909313725490196,214898966528.0,77,利益急減(-59%)
6358,酒井重工業,機械,2167.0,10.528106,0.58611244,4.937701892016612,5.434,13.986,0.4481012658227848,18582108160.0,77,
9305,ヤマタネ,卸売業,2071.0,8.118703,0.6983297,3.6214389183969096,8.270001,128.534,0.11493411420204978,43750195200.0,77,
2733,あらた,卸売業,2628.0,8.681863,0.7117133,4.26179604261796,7.764,47.254,0.30980861244019137,87976796160.0,77,
4540,ツムラ,医薬品,3721.0,9.889964,0.84863657,3.9505509271701156,9.317,39.086,0.28884254431699685,277383643136.0,77,
3231,野村不動産ホールディングス,不動産業,905.8,9.370022,0.96764714,4.41598586884522,9.599,211.464,0.15656401944894638,773742723072.0,77,利益急減(-36%)
1911,住友林業,建設業,1302.5,9.465842,0.6429597,2.3032629558541267,12.991,75.836,0.10903426791277258,798669340672.0,76,
9932,杉本商事,卸売業,1316.0,11.214316,0.6583921,4.103343465045593,6.563000400000001,6.584,0.22505543237250555,23001395200.0,76,
3388,明治電機工業,卸売業,2072.0,9.286066,0.68251246,4.343629343629344,6.898999999999999,,0.24232081911262798,26109724672.0,76,利益急減(-78%) / 売上減(-16%)
9405,朝日放送グループホールディングス,情報・通信業,822.0,7.7060094,0.42344484,4.014598540145985,3.0280001,15.368,0.4881889763779528,34205028352.0,75,
5406,神戸製鋼所,鉄鋼,1989.0,8.364171,0.6247683,4.022121669180493,5.6750003,55.392,0.42699926632428464,786556059648.0,75,
8078,阪和興業,卸売業,1803.0,9.334714,0.79835707,16.08430393788131,9.421,82.79,0.8231098430813124,347557199872.0,75,配当過大(減配リスク)
4246,ダイキョーニシカワ,化学,1087.0,8.606492,0.8006193,4.783808647654094,10.3640005,35.987,0.8584269662921349,70052552704.0,75,
6418,日本金銭機械,機械,1218.0,7.0327387,0.89000666,3.284072249589491,18.313,23.437,0.7522935779816514,33038292992.0,75,
1888,若築建設,建設業,3710.0,10.809709,0.890721,3.638814016172507,10.879999999999999,24.0,0.18945634266886327,47287488512.0,75,
7203,トヨタ自動車,輸送用機器,2941.0,8.367951,0.9334742,3.2301938116286975,12.404,114.974,0.19406392694063926,34824536457216.0,75,
1925,大和ハウス工業,建設業,4572.0,8.069185,0.9732165,3.608923884514436,12.880999000000001,115.364,0.2848027842227378,2831651700736.0,75,
3636,三菱総合研究所,情報・通信業,4885.0,7.714051,0.9969244,3.3776867963152504,10.795,1.137,0.5177664974619289,76984483840.0,75,
7294,ヨロズ,輸送用機器,912.0,10.227655,0.34018454,3.618421052631579,5.235,60.587,0.29846153846153844,18785333248.0,74,
7202,いすゞ自動車,輸送用機器,2167.0,11.22856,0.98786706,4.2455006922012,11.6009995,60.175,0.3113420695887935,1489242816512.0,74,
9505,北陸電力,電気・ガス業,963.6,3.6956356,0.4273487,2.5944375259443753,10.9160006,243.501,0.5041689827682045,201301082112.0,73,
8935,ＦＪネクストホールディングス,不動産業,2020.0,6.6067047,0.78991604,2.7722772277227725,15.043001,21.153,0.9336283185840708,66159411200.0,73,
1333,Ｕｍｉｏｓ,水産・農林業,1300.5,8.862614,0.7931072,3.4348327566320647,8.652,114.996,0.43357337256893025,196613881856.0,73,利益急減(-47%)
7242,カヤバ,輸送用機器,4600.0,7.2788267,0.80826414,3.3913043478260874,11.2679996,57.228,0.5789473684210527,185061015552.0,73,
547A,ムニノバホールディングス,その他金融業,442.0,7.565902,0.8653127,2.7149321266968327,11.58,364.889,0.19047619047619047,211716423680.0,73,
2533,オエノンホールディングス,食料品,463.0,8.095821,0.939615,2.375809935205184,11.89,16.821,0.24545454545454545,25393797120.0,73,
1720,東急建設,建設業,1118.0,8.859656,1.072635,3.5778175313059033,13.217,18.78,0.13922155688622753,118813433856.0,73,
5930,文化シヤッター,金属製品,1827.0,10.203284,1.0986367,4.050355774493705,11.0240005,12.298,0.06519337016574586,128508665856.0,73,
1820,西松建設,建設業,5399.0,8.857935,1.1088539,4.260048157066124,14.175999000000001,111.804,0.2021390374331551,213176451072.0,73,
3482,ロードスターキャピタル,不動産業,2550.0,5.4135528,1.1899223,3.3725490196078427,24.573999999999998,207.809,0.07448377581120944,43122794496.0,73,利益急減(-43%)
1898,世紀東急工業,建設業,1485.0,11.648886,1.263058,4.781144781144781,10.673001,15.503,0.2694610778443114,54398726144.0,73,利益急減(-50%)
5975,東プレ,金属製品,3120.0,8.331331,0.60975444,3.205128205128205,9.885000400000001,17.169,0.7644376899696048,150913630208.0,72,
9543,静岡ガス,電気・ガス業,1266.0,9.681119,0.675083,3.515007898894155,7.4099995000000005,12.272,0.3096153846153846,95464161280.0,72,
2292,Ｓ　Ｆｏｏｄｓ,食料品,2823.0,9.681069,0.68356985,3.6840240878498047,7.221,37.86,0.4275092936802974,89413681152.0,72,
9990,サックスバー　ホールディングス,小売業,750.0,11.42596,0.7215903,4.666666666666667,6.525,5.629,0.30612244897959184,21951326208.0,72,
6995,東海理化電機製作所,輸送用機器,3055.0,8.822596,0.74512595,3.764320785597381,8.709999999999999,2.676,0.5728368017524644,264894726144.0,72,
7240,ＮＯＫ,輸送用機器,2975.5,10.445115,0.7478645,4.369013611157788,8.446,9.712,0.582737768004398,472643567616.0,72,
5110,住友ゴム工業,ゴム製品,2243.5,9.536258,0.78183913,3.1201248049921997,9.020001,44.89,0.4933820173436787,589695877120.0,72,
2153,Ｅ・Ｊホールディングス,サービス業,1758.0,8.616802,0.784793,3.9249146757679183,9.07,17.184,0.537467700258398,31602110464.0,72,
1662,石油資源開発,鉱業,1834.0,8.78984,0.7938538,3.544165757906216,7.475,9.263,0.41194029850746267,469502722048.0,72,利益急減(-79%) / 売上減(-21%)
6902,デンソー,輸送用機器,1887.5,11.580464,0.9255114,3.549668874172186,9.198,25.468,0.15122377622377622,4732227682304.0,72,
8070,東京産業,卸売業,934.0,9.706922,0.93269515,4.068522483940043,9.950000000000001,49.502,0.4592391304347826,24396468224.0,72,
9025,鴻池運輸,陸運業,2892.0,10.76093,0.95116156,3.8035961272475793,8.860999999999999,35.155,0.28627450980392155,153564086272.0,72,
1928,積水ハウス,建設業,3374.0,8.504953,1.0127306,4.267931238885596,12.644,84.768,0.32047477744807124,2187155734528.0,72,
5851,リョービ,非鉄金属,2718.0,8.100135,0.46053287,3.7527593818984544,5.9109997,35.047,0.5084985835694051,86458146816.0,71,利益急減(-51%)
8584,ジャックス,その他金融業,3740.0,9.847029,0.5586093,5.347593582887701,4.902,953.336,0.36123348017621143,167469957120.0,71,
9506,東北電力,電気・ガス業,1283.5,7.553999,0.5647741,3.1164783794312427,7.6899999999999995,308.159,0.887400228050171,642770993152.0,71,
8091,ニチモウ,卸売業,2395.0,9.205519,0.5759592,4.175365344467641,6.298999499999999,120.177,0.47492163009404387,20121710592.0,71,
4331,テイクアンドギヴ・ニーズ,サービス業,745.0,4.1659675,0.61139643,5.548053691275168,,109.449,0.41735537190082644,10878574592.0,71,
6419,マースグループホールディングス,機械,3160.0,8.778022,0.66452295,4.746835443037975,7.244000000000001,0.722,0.6836555360281195,56662540288.0,71,利益急減(-35%) / 売上減(-22%)
2220,亀田製菓,食料品,1332.0,3.4178383,0.80756,4.954954954954955,4.398,40.638,0.4477211796246649,84247871488.0,71,利益急減(-94%)
9504,中国電力,電気・ガス業,951.4,4.9918675,0.44130144,2.8379230607525754,5.0819997,430.981,0.3896595208070618,342100934656.0,70,
8203,ＭｒＭａｘＨＤ,小売業,777.0,9.530234,0.6742234,3.474903474903475,7.785,56.795,0.3981042654028436,25893677056.0,70,
5981,東京製綱,金属製品,1911.0,8.538111,0.7088234,3.6630036630036633,8.781,53.845,0.664886515353805,29468178432.0,70,
5480,日本冶金工業,鉄鋼,5260.0,10.12025,0.7098362,4.182509505703422,8.0240004,78.185,0.7005649717514124,72870739968.0,70,
8095,アステナホールディングス,卸売業,534.0,9.311247,0.75940615,3.3707865168539324,8.449,70.376,0.896551724137931,21589909504.0,70,
2053,中部飼料,食料品,2005.0,10.522725,0.76778,3.2418952618453867,11.209,9.712,0.9681818181818181,57536024576.0,70,
1815,鉄建建設,建設業,4240.0,11.745478,0.778314,4.009433962264151,7.725,95.835,0.36633663366336633,59067129856.0,70,
5715,古河機械金属,非鉄金属,3915.0,10.172794,0.78907925,2.0434227330779056,9.7320005,47.203,0.2893345085940943,126966800384.0,70,
6804,ホシデン,電気機器,2741.0,9.124804,0.8761421,3.575337468077344,12.652000999999998,6.593,0.5583153347732182,134946750464.0,70,売上減(-16%)
6371,椿本チエイン,機械,2630.0,8.890242,0.90181375,3.041825095057034,10.655000000000001,18.586,0.7747524752475248,267406065664.0,70,
5357,ヨータイ,ガラス・土石製品,1748.0,13.009825,0.9298283,5.148741418764303,8.181,2.884,0.25348189415041783,32235735040.0,70,
7296,エフ・シー・シー,輸送用機器,4085.0,10.542208,0.95229685,4.749082007343941,10.193000000000001,2.328,0.8740458015267175,193820606464.0,70,
8014,蝶理,卸売業,4185.0,8.585496,0.98875487,3.512544802867384,12.892999999999999,0.508,0.582089552238806,103141326848.0,70,
3877,中越パルプ工業,パルプ・紙,2230.0,11.472373,0.46291482,4.0358744394618835,5.2550003,53.401,0.9636650868878357,28020695040.0,69,
5902,ホッカンホールディングス,金属製品,2657.0,9.979718,0.53241503,3.5378246142265715,5.88,73.75,0.9170243204577968,32718608384.0,69,
4538,扶桑薬品工業,医薬品,2278.0,9.666879,0.54392165,3.9508340649692713,6.357,78.77,0.5333333333333333,19445741568.0,69,
1873,日本ハウスホールディングス,建設業,320.0,9.549389,0.56182146,3.75,6.0409999999999995,50.577,0.6862745098039216,12799421440.0,69,
9022,東海旅客鉄道,陸運業,3840.0,6.7282257,0.70376223,0.8333333333333334,11.159000500000001,91.502,0.3918918918918919,3645619568640.0,69,
4914,高砂香料工業,化学,1266.0,12.952732,0.78502816,4.107424960505529,6.981,40.06,0.2892086330935252,123429994496.0,69,
4725,ＣＡＣ　Ｈｏｌｄｉｎｇｓ,情報・通信業,1943.0,9.158614,0.96953374,2.573340195573855,10.6979996,17.505,0.42231075697211157,33590933504.0,69,
1870,矢作建設工業,建設業,2084.0,10.5905075,1.1851164,4.798464491362764,12.1750005,19.18,0.40318302387267907,89990651904.0,69,売上減(-23%)
8892,エスコン,不動産業,1097.0,8.616762,1.2769608,4.375569735642662,13.303,469.482,0.3862815884476534,105190383616.0,69,売上減(-43%)
9508,九州電力,電気・ガス業,1873.5,5.9529104,0.7134832,2.6688017080330932,14.633,256.946,0.7486910994764397,885749841920.0,68,
7130,ヤマエグループホールディングス,卸売業,2874.0,7.1986775,0.72425187,2.783576896311761,15.215999,104.74,0.6147091108671789,79798894592.0,68,
9507,四国電力,電気・ガス業,1801.5,7.2882113,0.75321263,2.775464890369137,11.8319996,160.914,0.8728737690241719,368175579136.0,68,
9031,西日本鉄道,陸運業,3052.0,7.2188845,0.791314,2.293577981651376,12.501000000000001,121.186,0.7783759533423059,230550126592.0,68,
1938,日本リーテック,建設業,2406.0,10.736279,0.880669,3.408146300914381,9.151,0.739,0.3757440476190476,59621998592.0,68,
1930,北陸電気工事,建設業,1496.0,10.710961,0.89210266,3.2085561497326207,9.224,0.134,0.3639921722113503,41143795712.0,68,
2270,雪印メグミルク,食料品,3675.0,7.0025344,0.90541124,2.7210884353741496,15.935000999999998,16.788,0.7194465795541891,220028911616.0,68,
3457,Ａｎｄ　Ｄｏホールディングス,不動産業,919.0,14.028392,0.9559881,4.896626768226333,12.4280006,241.128,0.03463203463203463,18351149056.0,68,
5021,コスモエネルギーホールディングス,石油・石炭製品,4166.0,9.195454,0.97725266,3.960633701392223,22.760001,68.065,0.46748466257668714,661517172736.0,68,
3139,ラクト・ジャパン,卸売業,3400.0,10.410288,1.0195019,4.352941176470588,10.406,130.094,0.2768595041322314,34036066304.0,68,利益急減(-39%)
5195,バンドー化学,ゴム製品,2376.0,9.265687,1.0329698,4.208754208754209,12.084,5.247,0.7233082706766917,96300261376.0,68,
3284,フージャースホールディングス,不動産業,1307.0,7.4968452,1.0459288,5.661820964039785,16.586000000000002,230.944,0.6373239436619719,53458472960.0,68,
5288,アジアパイルホールディングス,ガラス・土石製品,1525.0,7.651781,1.0715477,3.606557377049181,15.783,25.905,0.6166394779771615,58085351424.0,68,
9715,トランス・コスモス,サービス業,3660.0,11.184452,1.0872046,3.825136612021858,10.280000000000001,9.065,0.2740740740740741,137150111744.0,68,
1861,熊谷組,建設業,1256.0,10.739633,1.1603973,3.7420382165605095,11.295,31.467,0.10364464692482915,213443526656.0,68,
4072,電算システムホールディングス,情報・通信業,3020.0,11.140623,1.2619847,3.3112582781456954,12.775,2.301,0.12325285895806862,32360507392.0,68,
7148,ＦＰＧ,証券、商品先物取引業,1606.0,8.714526,2.241752,4.059775840597759,29.487999999999996,82.411,0.13339731285988485,134481567744.0,68,売上減(-42%)
7187,ジェイリース,その他金融業,1366.0,9.902856,3.3044817,4.026354319180088,34.422000000000004,82.789,0.28739495798319326,24356567040.0,68,
9997,ベルーナ,小売業,1032.0,8.607173,0.6579807,3.6821705426356592,8.021,102.041,0.7333333333333333,99252191232.0,67,
2915,ケンコーマヨネーズ,食料品,2021.0,10.158842,0.7014736,3.3151904997525974,7.187,7.625,0.3879003558718861,29097822208.0,67,
1301,極洋,水産・農林業,4750.0,8.247817,0.713168,3.1578947368421053,9.178001,114.96,0.45525291828793774,56429416448.0,67,
3232,三重交通グループホールディングス,不動産業,562.0,9.032465,0.77215725,3.202846975088968,9.423999499999999,115.523,0.5545454545454546,56629784576.0,67,
7246,プレス工業,輸送用機器,959.0,11.170647,0.7774392,3.8581856100104277,8.858,4.689,0.8785529715762274,93553270784.0,67,
7226,極東開発工業,輸送用機器,2310.0,24.03246,0.79110104,6.0606060606060606,8.607,35.853,0.17826375082836315,88949809152.0,67,
8103,明和産業,卸売業,936.0,11.14153,0.88566244,4.487179487179487,8.868,6.176,0.6476510067114094,34951237632.0,67,
4041,日本曹達,化学,3920.0,11.644833,0.99454874,4.081632653061225,9.2,26.273,0.6923076923076923,210125832192.0,67,
8934,サンフロンティア不動産,不動産業,2455.0,8.444842,1.0362173,3.095723014256619,13.276,96.012,0.37681159420289856,140386746368.0,67,
7955,クリナップ,その他製品,974.0,10.069264,0.5692102,3.3880903490759757,6.424,13.476,0.637883008356546,34347841536.0,66,
4116,大日精化工業,化学,1298.0,10.97396,0.63033664,14.637904468412943,6.393000499999999,12.683,0.8271334792122538,88603869184.0,66,配当過大(減配リスク)
3151,バイタルケーエスケー・ホールディングス,卸売業,1604.0,10.532537,0.6734812,4.364089775561098,6.426,4.809,0.7544910179640718,76723625984.0,66,利益急減(-48%)
9273,コーア商事ホールディングス,卸売業,767.0,8.621853,1.036065,2.346805736636245,12.642999,10.653,0.16483516483516483,32304891904.0,66,
9658,ビジネスブレイン太田昭和,情報・通信業,1049.0,11.404653,1.1255728,4.28979980934223,8.969000000000001,11.718,0.4454147499094433,34046242816.0,66,利益急減(-61%)
8850,スターツコーポレーション,不動産業,4670.0,8.866864,1.1600142,2.9978586723768736,13.918,36.906,0.2916666666666667,221373612032.0,66,
2982,ＡＤワークスグループ,不動産業,412.0,5.0329833,1.2355082,2.4271844660194173,19.184999,143.879,0.28187919463087246,20398303232.0,66,
1719,安藤・間,建設業,1861.0,9.813848,1.3532459,4.29876410531972,15.935000999999998,12.671,0.3803030303030303,291959406592.0,66,
8585,オリエントコーポレーション,その他金融業,857.0,11.3751,0.6009506,4.667444574095683,4.626,865.062,0.11731843575418995,146706284544.0,65,利益急減(-68%)
7102,日本車輌製造,輸送用機器,3550.0,4.4411087,0.6066329,1.267605633802817,17.302999,35.953,0.5567375886524822,51223764992.0,65,
3291,飯田グループホールディングス,不動産業,2293.5,10.012661,0.61945,3.924133420536298,6.901,82.629,0.35792174470814625,633763135488.0,65,
8093,極東貿易,卸売業,1840.0,12.123608,0.6690199,4.021739130434782,5.94,13.258,0.3222416812609457,21961244672.0,65,
5632,三菱製鋼,鉄鋼,2411.0,11.929737,0.7477434,3.359601824968893,8.904,80.254,0.8075313807531381,36456984576.0,65,
8075,神鋼商事,卸売業,3005.0,9.579521,0.8021984,3.5274542429284526,9.002,55.669,0.8639112903225806,79399182336.0,65,
9619,イチネンホールディングス,サービス業,2682.0,8.293391,0.8113053,3.3557046979865772,17.368999,168.97,0.9829059829059829,63502540800.0,65,
9201,日本航空,空運業,2983.5,9.715393,0.8860341,3.217697335344394,9.0670004,55.55,0.6666666666666666,1282391015424.0,65,利益急減(-80%)
1860,戸田建設,建設業,1466.5,11.889898,0.90191156,3.954994885782475,10.799,42.99,0.7078734363502576,434142380032.0,65,
6455,モリタホールディングス,輸送用機器,2371.0,10.554666,0.95336974,2.699283002952341,9.508,1.825,0.2249690976514215,97388281856.0,65,
6632,ＪＶＣケンウッド,電気機器,991.0,8.879132,0.9619174,1.8163471241170535,10.248,44.019,0.19851928374655642,140902416384.0,65,利益急減(-71%)
9068,丸全昭和運輸,陸運業,7280.0,11.179361,0.9880888,2.8846153846153846,9.041,17.371,0.22847682119205298,140349112320.0,65,
1929,日特建設,建設業,1156.0,11.58665,1.3041914,4.2387543252595155,12.203,1.298,0.20971867007672634,48285102080.0,65,
1885,東亜建設工業,建設業,1989.0,8.004346,1.3257136,3.8712921065862242,17.678,25.509,0.021098581302291742,153810616320.0,65,
6417,ＳＡＮＫＹＯ,機械,1926.5,8.573654,1.5273137,4.671684401764859,14.407,,0.26383399209486164,380510208000.0,65,利益急減(-49%) / 売上減(-39%)
9438,エムティーアイ,情報・通信業,607.0,9.592288,1.7191718,3.130148270181219,16.692999999999998,4.918,0.22857142857142856,33712891904.0,65,
3486,グローバル・リンク・マネジメント,不動産業,1952.0,8.550153,1.9894757,4.123975409836065,24.995,297.438,0.2038404726735598,31181045760.0,65,利益急減(-65%) / 売上減(-32%)
2130,メンバーズ,サービス業,936.0,9.886976,2.0123537,3.5256410256410255,19.489999,10.114,0.12012987012987013,11997687808.0,65,
5214,日本電気硝子,ガラス・土石製品,4778.0,14.010086,0.709279,3.3486814566764336,5.4559999999999995,15.702,0.1402293358815098,352060571648.0,64,
6294,オカダアイヨン,機械,1918.0,10.347432,0.86417145,3.9103232533889467,7.997999999999999,96.544,0.0047169811320754715,15453978624.0,64,利益急減(-40%)
2804,ブルドックソース,食料品,1831.0,9.627214,0.9088775,2.184598580010923,5.2550003,16.293,0.26383763837638374,22405611520.0,64,利益急減(-65%)
3289,東急不動産ホールディングス,不動産業,1308.5,9.660392,1.0247539,3.668322506687046,10.542,206.122,0.31235154394299286,933263179776.0,64,
3861,王子ホールディングス,パルプ・紙,854.5,13.989849,0.66922456,4.212990052662375,6.0100004,92.148,0.4265263157894735,725670690816.0,63,
2060,フィード・ワン,食料品,1418.0,8.504768,0.8676896,2.8561354019746124,10.936,39.762,0.978401727861771,54265647104.0,63,
2429,ワールドホールディングス,サービス業,2777.0,8.474473,1.0061798,4.663305725603169,12.687000000000001,194.742,0.797716150081566,49015492608.0,63,
1835,東鉄工業,建設業,3910.0,10.477518,1.0285792,3.8363171355498724,10.235,,0.02030456852791878,134666985472.0,63,
3932,アカツキ,情報・通信業,3305.0,8.432843,1.0508521,3.479576399394856,13.014000000000001,25.684,0.7932692307692307,39766650880.0,63,
9612,ラックランド,サービス業,1250.0,6.190264,1.0760667,1.6,15.289,15.696,0.14354066985645933,14207310848.0,63,利益急減(-49%) / 売上減(-15%)
5714,ＤＯＷＡホールディングス,非鉄金属,9266.0,8.826107,1.1901532,3.6477444420461906,18.461001,24.034,0.5742411812961444,548067934208.0,63,
7261,マツダ,輸送用機器,1134.5,20.386343,0.3730839,4.847950639048039,5.876,44.479,0.3900725825333646,715835768832.0,62,
7259,アイシン,輸送用機器,2196.5,15.946711,0.7247197,3.186888231277032,8.434,28.868,0.07614457831325301,1540880990208.0,62,
9991,ジェコス,卸売業,1755.0,10.091427,0.83350986,3.9316239316239314,8.778,4.321,0.6861788617886179,59049181184.0,62,
9956,バローホールディングス,小売業,3210.0,10.266744,0.89306456,2.3052959501557635,10.284001,66.429,0.37797147385103014,186411991040.0,62,
7607,進和,卸売業,3095.0,11.193085,0.8953735,4.20032310177706,7.7909999999999995,,0.3954248366013072,41518059520.0,62,
8098,稲畑産業,卸売業,4115.0,10.689423,0.9097992,3.1105710814094776,9.486,39.736,0.7330097087378641,219666563072.0,62,
1762,高松コンストラクショングループ,建設業,3910.0,11.921096,0.9244635,3.324808184143223,9.809,22.59,0.5767634854771784,136140210176.0,62,
6272,レオン自動機,機械,1520.0,10.5234,0.94344306,3.8157894736842106,9.952,3.235,0.5205479452054794,41050894336.0,62,
7269,スズキ,輸送用機器,2022.0,8.881665,1.1022035,2.274975272007913,15.32,17.348,0.4383561643835616,3900991864832.0,62,
8057,内田洋行,卸売業,2143.0,8.820745,1.2916906,2.7998133457769483,17.961,4.478,0.3408408408408408,105693855744.0,62,
3903,ｇｕｍｉ,情報・通信業,255.0,9.103891,0.6431631,,6.288,21.75,0.07006369426751592,13743742976.0,61,
8793,ＮＥＣキャピタルソリューション,その他金融業,4135.0,9.702701,0.6788579,3.6275695284159615,5.7340004,746.073,0.5934959349593496,89087877120.0,61,
9324,安田倉庫,倉庫・運輸関連業,2597.0,11.173257,0.71526086,2.6954177897574128,10.193000000000001,74.059,0.8945783132530121,74561560576.0,61,
5957,日東精工,金属製品,776.0,11.249637,0.760457,3.221649484536082,6.9879999999999995,4.684,0.8067632850241546,28202285056.0,61,
2004,昭和産業,食料品,3670.0,11.235955,0.7843318,3.1335149863760217,7.2749999999999995,34.46,0.9548022598870056,119263404032.0,61,
2784,アルフレッサ　ホールディングス,卸売業,2311.0,10.065769,0.83474505,2.942449156209433,8.169,6.169,0.40602696272799366,405372633088.0,61,利益急減(-50%)
4559,ゼリア新薬工業,医薬品,2118.0,11.04448,0.864142,2.313503305004722,8.44,33.687,0.4316546762589928,93360168960.0,61,
9202,ＡＮＡホールディングス,空運業,3026.0,9.426205,0.9441356,2.1480502313284866,13.206000000000001,84.724,0.5304659498207885,1309361700864.0,61,
4631,ＤＩＣ,化学,5218.0,8.751949,0.9689778,2.683020314296665,12.255,81.88,0.7353177795655672,494212972544.0,61,
5076,インフロニア・ホールディングス,建設業,2651.5,10.268375,1.0182729,4.525740147086555,23.747,88.87,0.8023477157360406,670857560064.0,61,
7224,新明和工業,輸送用機器,1965.0,11.294402,1.0464814,2.849872773536896,10.588000000000001,38.864,0.24148003894839337,129971666944.0,61,
9003,相鉄ホールディングス,陸運業,2563.5,9.910693,1.1749564,2.730641700799688,13.103000000000002,218.029,0.2849526066350711,246016720896.0,61,
8154,加賀電子,卸売業,4885.0,7.785109,1.2184491,2.2517911975435005,18.695,29.389,0.8354430379746836,232814379008.0,61,
8142,トーホー,卸売業,1413.0,9.883192,1.2874246,3.5385704175513095,14.633,55.902,0.9288425182462015,45052514304.0,61,
2335,キューブシステム,情報・通信業,1077.0,10.418883,1.4659404,4.2711234911792015,14.419,2.062,0.31983805668016196,16345678848.0,61,
6331,三菱化工機,機械,3105.0,9.371039,1.5727022,3.7037037037037033,20.037001,8.893,0.3807603686635945,70735282176.0,61,
4792,山田コンサルティンググループ,サービス業,1712.0,11.316764,1.6649582,4.497663551401869,13.526,23.004,0.39228295819935693,32878624768.0,61,
1871,ピーエス・コンストラクション,建設業,2287.0,11.471134,1.6658012,5.24704853519895,15.889000000000001,40.505,0.30908096280087527,107076050944.0,61,
3817,ＳＲＡホールディングス,情報・通信業,4820.0,10.872507,1.7647752,4.149377593360995,17.533001000000002,0.2,0.34375,65186066432.0,61,
7595,アルゴグラフィックス,情報・通信業,1316.0,4.9937387,1.9122516,3.0395136778115504,34.456003,,0.31681877444589307,90425769984.0,61,
4569,杏林製薬,医薬品,1149.0,19.153193,0.47044814,4.960835509138381,1.5709999999999997,16.566,0.14413075780089152,66005794816.0,60,利益急減(-61%)
4112,保土谷化学工業,化学,2252.0,11.724892,0.66084677,2.2202486678507993,8.325000000000001,13.726,0.6451033243486074,35861516288.0,60,
8037,カメイ,卸売業,4265.0,10.965138,0.7250659,2.6963657678780772,8.125,17.736,0.900398406374502,130506055680.0,60,
8897,ＭＩＲＡＲＴＨホールディングス,不動産業,453.0,13.054755,0.7293652,4.635761589403973,8.573,320.514,0.9072164948453608,60529266688.0,60,
7679,薬王堂ホールディングス,小売業,1743.0,8.441087,0.83381885,1.663798049340218,9.993,65.455,0.18533886583679116,33903075328.0,60,
9045,京阪ホールディングス,陸運業,3145.0,9.451824,0.93005013,3.1796502384737675,,122.577,0.20458553791887124,317331865600.0,60,
8609,岡三証券グループ,証券、商品先物取引業,1102.0,10.350333,0.9386321,3.6297640653357535,12.672,229.193,0.8747553816046967,221277929472.0,60,
2768,双日,卸売業,5427.0,10.967846,0.9864202,3.0403537866224433,10.727999,125.907,0.46647230320699706,1129142943744.0,60,
6486,イーグル工業,機械,2957.0,13.635525,0.9978605,4.227257355427798,9.814999,27.595,0.45161290322580644,135134273536.0,60,
9142,九州旅客鉄道,陸運業,3446.0,11.6722555,1.0621824,3.3372025536854326,9.3389995,101.196,0.06787878787878789,530111528960.0,60,
8707,岩井コスモホールディングス,証券、商品先物取引業,4420.0,9.943981,1.3949634,5.090497737556561,16.564,13.728,0.9668367346938775,103820156928.0,60,
1814,大末建設,建設業,3530.0,9.650874,1.4211122,5.18413597733711,19.528000000000002,21.757,0.5376955903271693,36342108160.0,60,
3465,ケイアイスター不動産,不動産業,3760.0,7.5954995,1.5312078,6.25,25.198999999999998,282.133,0.743202416918429,116733181952.0,60,
1802,大林組,建設業,2902.0,11.636393,1.6030545,3.0323914541695385,16.165,27.364,0.281439925198691,1994897227776.0,60,
6535,アイモバイル,サービス業,507.0,11.746988,1.658798,5.128205128205128,14.435999999999998,,0.22340425531914893,27928182784.0,60,
1952,新日本空調,建設業,2980.0,11.161884,1.6724294,3.691275167785235,17.753,3.022,0.13361805979255645,135510278144.0,60,
3150,グリムス,電気・ガス業,2482.0,11.713073,2.960934,3.4246575342465753,28.279,17.117,0.2998745294855709,57394765824.0,60,
4410,ハリマ化成グループ,化学,1108.0,11.468792,0.64405465,3.790613718411552,7.4319999999999995,92.334,0.7282608695652174,26935646208.0,59,
7914,共同印刷,その他製品,1729.0,12.249381,0.6866719,4.511278195488721,6.5409996,14.1,0.9085872576177285,47836315648.0,59,
9413,テレビ東京ホールディングス,情報・通信業,3390.0,11.71308,0.8522764,2.949852507374631,6.439,5.216,0.0777479892761394,90575011840.0,59,利益急減(-43%)
4886,あすか製薬ホールディングス,医薬品,2190.0,11.462368,0.8787639,2.73972602739726,6.5910003999999995,15.311,0.24202127659574468,62187491328.0,59,利益急減(-57%)
2296,伊藤ハム米久ホールディングス,食料品,5090.0,14.278101,0.98291695,3.045186640471513,6.865,36.613,0.25866666666666666,288860405760.0,59,
8052,椿本興業,卸売業,2763.0,10.102377,0.9910696,2.895403546869345,10.2419995,,0.35906040268456374,50774933504.0,59,
9247,ＴＲＥホールディングス,サービス業,1919.0,6.288504,1.0925826,2.6055237102657633,13.342,72.867,0.5743534482758621,90239721472.0,59,利益急減(-76%) / 売上減(-15%)
6191,エアトリ,サービス業,820.0,6.740649,1.0942818,1.2195121951219512,15.14,35.244,0.3864734299516908,17957472256.0,59,利益急減(-56%)
8804,東京建物,不動産業,3312.0,11.151891,1.1304768,3.5628019323671496,10.6359996,247.989,0.33914125700062225,686044479488.0,59,
3245,ディア・ライフ,不動産業,1154.0,11.964749,1.7040353,5.285961871750433,17.198999,96.606,0.44874715261959,58095906816.0,59,
1878,大東建託,不動産業,3231.0,10.804574,2.1299345,4.654905601980811,20.658001000000002,60.69,0.38515196811160934,1052234350592.0,59,
5959,岡部,金属製品,935.0,12.157066,0.6547628,3.4224598930481283,4.8899997,10.487,0.273224043715847,41251442688.0,58,
5703,日本軽金属ホールディングス,非鉄金属,2992.0,11.813013,0.7272096,2.6737967914438503,8.584999999999999,63.837,0.7684931506849315,184280727552.0,58,
5541,大平洋金属,鉄鋼,2587.0,17.702204,0.72893137,5.2183996907615,8.5480005,,0.37658536585365854,44981616640.0,58,
5201,ＡＧＣ,ガラス・土石製品,5626.0,13.167934,0.78196484,3.7326697476004265,,38.309,0.2777330110126242,1194927456256.0,58,
5019,出光興産,石油・石炭製品,1337.0,9.526864,0.97324556,2.692595362752431,22.516,136.942,0.5208034433285509,1602544730112.0,58,
1879,新日本建設,建設業,2265.0,8.703505,0.9781566,2.958057395143488,11.8640006,,0.8502415458937198,132478738432.0,58,
4633,サカタインクス,化学,2596.0,10.559284,1.0037509,3.8520801232665636,10.731,28.82,0.7639344262295082,126231617536.0,58,
5105,ＴＯＹＯ　ＴＩＲＥ,ゴム製品,3631.0,9.364039,1.0169233,1.7901404571743322,11.622,11.166,0.14405594405594405,559217901568.0,58,
8074,ＹＵＡＳＡ,卸売業,5980.0,10.500808,1.0251077,3.177257525083612,10.737000400000001,3.32,0.6579710144927536,125926293504.0,58,
4719,アルファシステムズ,情報・通信業,3380.0,12.64686,1.0513504,4.142011834319527,8.545999,,0.2742616033755274,47450615808.0,58,
5707,東邦亜鉛,非鉄金属,1055.0,7.5703216,1.0626179,,40.271,457.086,0.22852598091198303,40213807104.0,58,
2742,ハローズ,小売業,3955.0,9.442972,1.0691307,1.8204804045512009,11.7130004,14.036,0.21929824561403508,84432453632.0,58,
7751,キヤノン,電気機器,4475.0,11.313361,1.0909756,3.5754189944134076,10.371,34.446,0.4665391969407266,3776690257920.0,58,
9332,ＮＩＳＳＯホールディングス,サービス業,650.0,11.506461,1.1911439,3.8461538461538463,12.145001,5.009,0.5314285714285715,21887279104.0,58,
8059,第一実業,卸売業,3525.0,11.338415,1.2144217,3.546099290780142,11.6000004,7.537,0.8995433789954338,111974195200.0,58,売上減(-17%)
1946,トーエネック,建設業,2048.0,10.676676,1.2255167,3.7109375,13.850999999999999,47.019,0.6057529610829103,191417090048.0,58,
3834,朝日ネット,情報・通信業,623.0,12.547834,1.2498094,4.012841091492777,8.924999999999999,,0.2642857142857143,16142552064.0,58,利益急減(-43%)
3612,ワールド,繊維製品,1645.0,9.601354,1.2621875,3.31306990881459,13.566,130.39,0.856,125350330368.0,58,
4763,クリーク・アンド・リバー社,サービス業,1495.0,7.7735023,1.6228023,3.3444816053511706,26.388,58.133,0.6945812807881774,31656972288.0,58,
3916,デジタル・インフォメーション・テクノロジー,情報・通信業,962.0,13.541666,3.1301248,4.106029106029106,24.25,0.087,0.27403846153846156,28343277568.0,58,
6440,ＪＵＫＩ,機械,588.0,9.97794,0.51963526,1.7006802721088436,5.6220002,171.214,0.3739495798319328,17380755456.0,57,
9502,中部電力,電気・ガス業,2797.5,9.277684,0.66689414,2.5022341376228776,6.0440000000000005,91.166,0.626671761559037,2113213431808.0,57,利益急減(-59%)
9987,スズケン,卸売業,5090.0,9.328837,0.8281793,1.9646365422396856,9.227,,0.16859852476290832,344276631552.0,57,
2602,日清オイリオグループ,食料品,2012.0,7.910049,0.86822486,2.982107355864811,5.148,54.791,0.8661538667455589,184103583744.0,57,利益急減(-78%)
4809,パラカ,不動産業,2063.0,10.55351,0.9710442,3.247697527872031,9.237,136.015,0.6846846846846847,20830838784.0,57,
3431,宮地エンジニアリンググループ,金属製品,1618.0,13.151264,1.0279516,6.025957972805934,5.9899997,0.614,0.25961538461538464,42907729920.0,57,利益急減(-53%) / 売上減(-22%)
3678,メディアドゥ,情報・通信業,1270.0,10.593043,1.0334026,3.149606299212598,6.23,78.891,0.10279187817258884,19277363200.0,57,利益急減(-84%)
6644,大崎電気工業,電気機器,1478.0,11.639628,1.1375645,2.6387009472259813,11.726,1.625,0.33242506811989103,66644561920.0,57,
3109,シキボウ,繊維製品,1075.0,14.344809,0.3769401,4.651162790697675,2.705,88.775,0.5128205128205128,13647114240.0,56,低PBR×低ROE(万年割安)
7280,ミツバ,電気機器,1294.0,5.3871775,0.4777261,1.545595054095827,,100.09,0.32916340891321344,59502800896.0,56,
4548,生化学工業,医薬品,703.0,26.066,0.517404,4.267425320056899,2.2800000000000002,0.476,0.3352272727272727,38385725440.0,56,
4249,森六,化学,2842.0,16.649092,0.58029664,4.046446164672766,7.692,49.879,0.8373751783166904,40795435008.0,56,
3116,トヨタ紡織,輸送用機器,2196.0,16.862474,0.79737896,3.9162112932604733,5.5760004,33.826,0.07692307692307693,392336703488.0,56,
7990,グローブライド,その他製品,2441.0,10.169139,0.80145407,3.68701351904957,7.997999999999999,48.097,0.5766016713091922,51743555584.0,56,
5901,東洋製罐グループホールディングス,金属製品,4304.0,11.905618,0.91310894,3.066914498141264,7.8439996,28.114,0.8565248738284066,648119123968.0,56,
8129,東邦ホールディングス,卸売業,3945.0,15.120156,0.96885896,4.182509505703422,6.260000000000001,2.216,0.17239776951672864,255247908864.0,56,
9008,京王電鉄,陸運業,765.0,10.482324,0.9739057,2.8758169934640523,9.755999599999999,105.769,0.38868745467730265,442845593600.0,56,
9474,ゼンリン,情報・通信業,886.0,17.270956,0.9852808,4.740406320541761,5.361,3.265,0.15463917525773196,47300501504.0,56,
9119,飯野海運,海運業,1660.0,11.408935,1.0471145,3.5542168674698797,14.92,85.543,0.6608478802992519,175632646144.0,56,
7864,フジシールインターナショナル,その他製品,3240.0,8.364744,1.050396,2.5,13.804,7.045,0.7647058823529411,172834111488.0,56,
9021,西日本旅客鉄道,陸運業,2875.0,10.35178,1.0688181,3.3913043478260874,9.34,115.25,0.37544483985765126,1308365946880.0,56,
8016,オンワードホールディングス,繊維製品,760.0,10.238447,1.0946529,3.9473684210526314,12.1520005,50.071,0.6272727272727273,103573479424.0,56,
8706,極東証券,証券、商品先物取引業,1848.0,12.29132,1.1129594,5.952380952380952,10.411,22.183,0.8843683083511777,58208882688.0,56,
5535,ミガロホールディングス,不動産業,283.0,12.21407,1.1874641,3.0035335689045937,11.132,236.928,0.04854368932038835,18198169600.0,56,
6420,ガリレイホールディングス,機械,3420.0,11.2322645,1.2217841,2.39766081871345,11.756,,0.2468354430379747,137102508032.0,56,
3962,チェンジホールディングス,情報・通信業,971.0,9.741172,1.4450028,2.677651905252317,29.529,51.603,0.22865013774104684,67561156608.0,56,利益急減(-79%)
7172,ジャパンインベストメントアドバイザー,証券、商品先物取引業,2059.0,10.181477,1.5528102,4.759592034968431,14.881,175.26,0.3988995873452545,127863037952.0,56,
1975,朝日工業社,建設業,3730.0,10.418413,1.889483,3.86058981233244,20.392,13.04,0.44471744471744473,96516300800.0,56,
9960,東テク,卸売業,3645.0,11.422036,2.0019739,3.5116598079561046,19.061,10.993,0.40752351097178685,149467627520.0,56,
6615,ユー・エム・シー・エレクトロニクス,電気機器,235.0,27.712265,0.38222256,4.25531914893617,-0.672,188.663,0.06976744186046512,6612837376.0,55,低PBR×低ROE(万年割安)
8217,オークワ,小売業,807.0,124.53703,0.44681764,3.2218091697645597,0.006999999999999999,28.294,0.23949579831932774,32830812160.0,55,
7270,ＳＵＢＡＲＵ,輸送用機器,2518.5,20.061335,0.63997585,4.586063132817153,3.118,13.14,0.19433488705629257,1774746206208.0,55,
8185,チヨダ,小売業,1034.0,148.56322,0.7044912,5.222437137330754,-0.49699999999999994,1.226,0.28,35103436800.0,55,利益急減(-35%)
8158,ソーダニッカ,卸売業,1302.0,12.572422,0.81481797,3.3794162826420893,8.458999500000001,4.574,0.7917675544794189,29716406272.0,55,
1899,福田組,建設業,4680.0,10.503164,0.8286973,2.7777777777777777,8.271,0.915,0.8485523385300668,77516283904.0,55,
7593,ＶＴホールディングス,小売業,531.0,12.789017,0.8702422,4.519774011299435,8.495,115.234,0.7006802721088435,61731495936.0,55,
1605,ＩＮＰＥＸ,鉱業,3860.0,10.429332,0.8791979,2.7461139896373057,9.2709996,24.637,0.5856980703745743,4486169362432.0,55,
6810,マクセル,電気機器,2283.0,11.3036585,0.9291937,2.190100744634253,9.847999,42.146,0.5827439886845828,84154195968.0,55,
6741,日本信号,電気機器,1726.0,9.285061,0.95135206,3.2444959443800694,,0.039,0.7444444444444445,107652259840.0,55,
7466,ＳＰＫ,卸売業,1397.0,10.4809065,0.95582014,2.612741589119542,9.993,25.747,0.8776758409785933,28210067456.0,55,
8065,佐藤商事,卸売業,3670.0,11.837564,0.96814126,2.23433242506812,8.708,40.293,0.8242349048800661,76002172928.0,55,
4956,コニシ,化学,1421.0,11.378013,0.96960586,2.674173117522871,9.9259995,0.059,0.6990595611285266,88697749504.0,55,
1379,ホクト,水産・農林業,2051.0,10.688972,0.9973973,2.681618722574354,9.984,45.986,0.7906976744186046,64291414016.0,55,利益急減(-67%)
5451,ヨドコウ,鉄鋼,1411.0,11.724138,1.0246578,6.449326718639263,8.58,,0.4855371900826446,202125099008.0,55,
1808,長谷工コーポレーション,建設業,2766.5,13.517541,1.2857544,3.433941803723116,11.5880005,73.346,0.3287971905179982,732725575680.0,55,
4506,住友ファーマ,医薬品,1350.5,5.021379,1.4828486,,38.529,39.323,0.07738095238095238,605825400832.0,55,
2120,ＬＩＦＵＬＬ,サービス業,241.0,9.337466,1.559487,3.9045643153526974,11.5109995,5.479,0.9230769230769231,30930079744.0,55,利益急減(-50%)
9743,丹青社,サービス業,1475.0,11.617832,1.853595,4.88135593220339,12.478,1.102,0.48825065274151436,69808644096.0,55,利益急減(-47%) / 売上減(-22%)
2198,アイ・ケイ・ケイホールディングス,サービス業,781.0,9.9961605,1.8961649,3.0729833546734953,20.231001000000003,18.052,0.6983240223463687,22725584896.0,55,
1893,五洋建設,建設業,1367.0,10.885491,1.9400555,3.511338697878566,19.128,127.205,0.2635498551923873,369540595712.0,55,
4318,クイック,サービス業,825.0,11.127597,2.2799945,4.6060606060606055,22.224002000000002,0.497,0.48872180451127817,46086037504.0,55,
3393,スターティアホールディングス,卸売業,2967.0,11.962745,3.4597678,4.617458712504213,32.287,31.395,0.6975206611570248,27740289024.0,55,
5411,ＪＦＥホールディングス,鉄鋼,1794.5,17.011091,0.43307063,4.458066313736417,3.7699999999999996,85.683,0.3149271844660194,1141546680320.0,54,
8713,フィデアホールディングス,銀行業,2660.0,11.625874,0.52154183,2.819548872180451,5.3489998,,0.8912198912198912,47762800640.0,54,
4902,コニカミノルタ,電気機器,621.8,9.5690975,0.55855584,1.9298809906722418,6.534999599999999,70.469,0.5491900434610825,307283394560.0,54,
6247,日阪製作所,機械,1678.0,12.8809395,0.6884255,3.2777115613825987,6.058,7.122,0.6596491228070176,44121186304.0,54,
2935,ピックルスホールディングス,食料品,1171.0,10.931665,0.7271603,2.4765157984628523,7.242,16.966,0.4600484261501211,14670557184.0,54,
4097,高圧ガス工業,化学,1163.0,13.781254,0.74612164,3.4393809114359417,6.172,7.923,0.7627906976744186,64201510912.0,54,
4005,住友化学,化学,512.1,13.780947,0.7668107,2.636203866432337,13.168,80.157,0.49462846911369746,845923811328.0,54,
4064,日本カーバイド工業,化学,3285.0,11.736753,0.790617,2.800608828006088,7.715,14.391,0.6654564315352697,30634047488.0,54,
4471,三洋化成工業,化学,6110.0,8.641417,0.8324135,2.7823240589198037,7.858,2.248,0.8483033932135728,135160971264.0,54,利益急減(-48%)
7874,レック,化学,970.0,10.715864,0.8405692,2.7835051546391756,7.295999999999999,109.4,0.289002557544757,31438327808.0,54,利益急減(-41%)
1786,オリエンタル白石,建設業,355.0,13.570336,0.869082,4.084507042253521,4.5489996999999995,5.675,0.34615384615384615,45664477184.0,54,利益急減(-70%) / 売上減(-17%)
5911,横河ブリッジホールディングス,金属製品,2957.0,13.53442,0.88163227,4.058167061210686,6.415,43.093,0.45964912280701753,116377067520.0,54,利益急減(-42%)
9788,ナック,サービス業,525.0,13.458088,0.9499735,4.190476190476191,6.454,29.366,0.5465116279069767,21336772608.0,54,
6369,トーヨーカネツ,機械,2443.0,14.851966,0.96145636,4.216127711829717,4.156,45.241,0.31886792452830187,37497757696.0,54,
5302,日本カーボン,ガラス・土石製品,4915.0,13.916022,0.9749858,4.069175991861648,6.968000000000001,16.167,0.7632850241545893,52446162944.0,54,
5101,横浜ゴム,ゴム製品,7278.0,8.045189,1.0212314,2.377026655674636,14.313999999999998,54.288,0.6825446568473833,1148085338112.0,54,
1833,奥村組,建設業,5610.0,10.958316,1.0493597,5.294117647058823,,34.75,0.36054421768707484,201428303872.0,54,
1950,日本電設工業,建設業,3760.0,12.14588,1.0511452,3.2978723404255317,9.199,0.045,0.40919037199124725,219479113728.0,54,
4973,日本高純度化学,化学,4580.0,14.809545,1.1921728,5.021834061135371,9.707,,0.413285086585681,26578477056.0,54,利益急減(-35%)
4204,積水化学工業,化学,2585.5,14.149292,1.2264372,3.0941790756140013,9.024999000000001,21.463,0.4130966952264382,1044027539456.0,54,
1852,淺沼組,建設業,913.0,14.207905,1.5196,4.928806133625411,12.011,28.746,0.3133047210300429,73515343872.0,54,
6436,アマノ,機械,3823.0,13.355458,2.0220635,4.708344232278316,15.394,10.577,0.36889332003988035,264783822848.0,54,利益急減(-38%)
1429,日本アクア,建設業,786.0,13.216747,2.2411232,4.4529262086514,17.719999,44.386,0.3898916967509025,25277388800.0,54,
4641,アルプス技研,サービス業,844.0,13.10559,2.359981,8.807227488151659,18.948999,0.978,0.3186327804446285,49696612352.0,54,配当過大(減配リスク)
3501,ＳＵＭＩＮＯＥ,繊維製品,1162.0,,0.46443367,3.4423407917383817,1.281,53.65,0.29802955665024633,15415577600.0,53,赤字(EPS≤0)
9511,沖縄電力,電気・ガス業,1142.0,9.952937,0.50463516,2.626970227670753,0.5579999999999999,271.556,0.8029850746268656,62027804672.0,53,
4547,キッセイ薬品工業,医薬品,4090.0,12.331162,0.740236,2.93398533007335,6.4750000000000005,0.542,0.38311688311688313,169538453504.0,53,
8159,立花エレテック,卸売業,3965.0,12.02098,0.79611456,2.5220680958385877,8.4139995,9.85,0.7599531615925058,87137935360.0,53,
2734,サーラコーポレーション,小売業,1230.0,10.627268,0.8161765,2.6016260162601625,8.234,69.652,0.9728813559322034,77574184960.0,53,
8043,スターゼン,卸売業,1520.0,10.420238,0.90736896,2.8289473684210527,9.041,62.976,0.944206008583691,85941100544.0,53,利益急減(-67%)
3199,綿半ホールディングス,小売業,1326.0,11.628519,1.0174626,2.262443438914027,8.515,123.109,0.1291866028708134,24780308480.0,53,
7931,未来工業,化学,3570.0,12.271836,1.0431288,4.061624649859944,9.413999,0.942,0.6184738955823293,57697558528.0,53,
5331,ノリタケ,ガラス・土石製品,3590.0,14.098335,1.0993016,5.013927576601671,9.417,9.486,0.5654885654885655,197501239296.0,53,
8604,野村ホールディングス,証券、商品先物取引業,1509.5,11.321533,1.1505835,3.378602186154356,11.158,945.609,0.7917695473251029,4411654406144.0,53,
2117,ウェルネオシュガー,食料品,2825.0,14.270559,1.1934808,4.212389380530973,9.072,20.299,0.6353322528363047,92486418432.0,53,
6750,エレコム,電気機器,1910.0,7.3776503,1.4033675,2.7225130890052354,22.225,0.454,0.8008849557522124,153828753408.0,53,
6560,エル・ティー・エス,サービス業,1656.0,10.8122225,1.4250027,2.1135265700483092,19.991999999999997,47.372,0.08727272727272728,7291571712.0,53,
3288,オープンハウスグループ,不動産業,7950.0,8.112245,1.4921896,2.440251572327044,20.166999,136.42,0.16576145991744515,875555127296.0,53,
9989,サンドラッグ,小売業,3660.0,13.642972,1.4970489,3.5792349726775954,11.3120005,16.755,0.09874723655121592,428157403136.0,53,
4687,ＴＤＣソフト,情報・通信業,1008.0,12.279206,2.0774767,3.273809523809524,17.349999999999998,2.432,0.2543171114599686,46983962624.0,53,
4345,シーティーエス,サービス業,831.0,12.770863,2.0783417,3.489771359807461,18.316999,6.843,0.10509554140127389,34122338304.0,53,
5929,三和ホールディングス,金属製品,3514.0,12.482682,2.1675944,3.699487763232783,18.129,12.574,0.1559074299634592,731921973248.0,53,利益急減(-32%)
8111,ゴールドウイン,繊維製品,2100.0,11.954232,2.272164,2.619047619047619,19.466998999999998,0.764,0.05912596401028278,287299141632.0,53,
6727,ワコム,電気機器,772.0,10.879369,2.7839484,2.9792746113989637,29.809,12.68,0.2716049382716049,102491209728.0,53,
3921,ネオジャパン,情報・通信業,1613.0,12.492256,2.988498,3.347799132052077,12.353,4.593,0.25806451612903225,22610829312.0,53,
2317,システナ,情報・通信業,431.0,13.617694,3.8822534,3.248259860788863,31.028998,3.96,0.27058823529411763,154063470592.0,53,
4229,群栄化学工業,化学,4415.0,14.844327,0.5114493,2.2650056625141564,3.746,1.021,0.4197901049475262,29297715200.0,52,
5142,アキレス,化学,1901.0,12.277189,0.58458316,2.1041557075223567,6.955,38.592,0.9012208657047724,25978292224.0,52,
5933,アルインコ,金属製品,1126.0,12.807097,0.66621584,3.9076376554174073,5.607,86.745,0.6176470588235294,22108325888.0,52,
8999,グランディハウス,不動産業,571.0,17.989918,0.66905934,5.604203152364273,5.069,156.412,0.4472049689440994,16556638208.0,52,
9052,山陽電気鉄道,陸運業,2016.0,11.069016,0.6949968,2.4801587301587302,5.72,68.31,0.4742857142857143,44794626048.0,52,利益急減(-32%)
3946,トーモク,パルプ・紙,4630.0,10.369308,0.7470219,2.8077753779697625,7.863,66.916,0.9088050314465409,76514459648.0,52,
6706,電気興業,電気機器,3275.0,15.183125,0.76502675,3.0534351145038165,9.440999999999999,15.123,0.8019241652518393,28556156928.0,52,
4208,ＵＢＥ,化学,3539.0,14.396712,0.78286606,3.1082226617688615,5.5649999999999995,72.836,0.886088379705401,343794876416.0,52,
4534,持田製薬,医薬品,3220.0,14.451126,0.8114378,2.484472049689441,6.769,7.128,0.2808880308880309,113573609472.0,52,
7723,愛知時計電機,精密機器,2820.0,,0.8486476,4.00709219858156,7.417,1.373,0.3794749403341289,43263463424.0,52,赤字(EPS≤0)
4901,富士フイルムホールディングス,化学,3138.0,13.677971,0.9623786,2.2307202039515617,7.145,28.445,0.26875593542260207,3753008168960.0,52,
9765,オオバ,サービス業,1149.0,14.273292,1.2330205,3.829416884247171,10.519,,0.434640522875817,18157191168.0,52,
1766,東建コーポレーション,建設業,13260.0,10.704252,1.2651504,2.7149321266968327,12.923999,,0.4,147199000576.0,52,
8338,筑波銀行,銀行業,712.0,8.9022255,0.5278058,0.7022471910112359,6.6939995,,0.8317214700193424,58676166656.0,51,
6737,ＥＩＺＯ,電気機器,2936.0,16.259623,0.5781364,3.746594005449591,5.106,3.083,0.8362305580969808,116071366656.0,51,
8219,青山商事,小売業,755.0,15.752138,0.6143576,18.013245033112582,,41.016,0.35451084555410994,,51,利益急減(-48%) / 配当過大(減配リスク)
9644,タナベコンサルティンググループ,サービス業,776.0,22.917896,0.6265851,4.123711340206185,5.954000000000001,0.245,0.9632352941176471,24815783936.0,51,
9409,テレビ朝日ホールディングス,情報・通信業,3075.0,10.447457,0.64861625,1.951219512195122,6.1079998,,0.16184971098265896,309158379520.0,51,
6718,アイホン,電気機器,2818.0,18.716791,0.65369576,4.613200851667849,4.518,0.662,0.38823529411764707,46121734144.0,51,
3668,コロプラ,情報・通信業,415.0,158.39696,0.7951532,4.819277108433735,2.552,0.027,0.3434343434343434,53355581440.0,51,
4043,トクヤマ,化学,3985.0,12.906882,0.999014,3.0112923462986196,,54.545,0.2710547833197056,286701453312.0,51,
7282,豊田合成,輸送用機器,5053.0,10.235375,1.0190607,2.7310508608747277,12.039,21.634,0.7125,592523427840.0,51,
8088,岩谷産業,卸売業,2197.0,10.612501,1.0625877,2.1392808375056895,17.326,44.169,0.8689087165408373,505695043584.0,51,
8616,東海東京フィナンシャル・ホールディングス,証券、商品先物取引業,826.0,12.616466,1.0658491,4.116222760290557,12.919,309.22,0.9361702127659575,209652514816.0,51,
5947,リンナイ,金属製品,3567.0,13.719759,1.1247243,2.803476310625175,9.177,2.055,0.2859437751004016,492494323712.0,51,
2121,ＭＩＸＩ,情報・通信業,3440.0,13.336434,1.1869591,3.488372093023256,10.9239995,22.649,0.9753937007874016,224664141824.0,51,
3003,ヒューリック,不動産業,1725.5,10.972973,1.3830322,3.8829324833381627,13.069999,232.093,0.3518029903254178,1310206197760.0,51,
2337,いちご,不動産業,403.0,10.072482,1.4523518,3.8461538461538463,15.226,290.372,0.3076923076923077,157967040512.0,51,売上減(-16%)
1803,清水建設,建設業,2290.0,12.2709255,1.532363,3.14410480349345,17.629998999999998,55.696,0.24157624214734438,1555342950400.0,51,
9501,東京電力ホールディングス,電気・ガス業,502.0,,0.23692901,,12.517999,196.059,0.11921063229963752,804556439552.0,50,赤字(EPS≤0)
2264,森永乳業,食料品,1191.5,17.290668,0.34731403,2.0981955518254303,8.248,47.077,0.6800904977375566,384610533376.0,50,
4839,ＷＯＷＯＷ,情報・通信業,1000.0,21.853148,0.4074299,3.0,1.87,,0.03923766816143498,28337559552.0,50,
5949,ユニプレス,輸送用機器,1307.0,,0.44231033,4.590665646518746,-6.265999999999999,28.212,0.47619047619047616,58551885824.0,50,赤字(EPS≤0) / 利益急減(-55%)
4228,積水化成品工業,化学,600.0,12.717253,0.5229679,2.5,7.141,72.259,0.793939393939394,27358539776.0,50,売上減(-20%)
6584,三櫻工業,輸送用機器,801.0,18.807232,0.59204227,3.495630461922597,3.04,111.442,0.27177700348432055,28682659840.0,50,利益急減(-99%)
7034,プロレド・パートナーズ,サービス業,387.0,15.873668,0.69944984,,15.967,5.91,0.13814432989690723,4230526976.0,50,
4078,堺化学工業,化学,3830.0,24.300488,0.7110388,3.7859007832898173,4.478,14.965,0.27840461821044343,62175612928.0,50,
5461,中部鋼鈑,鉄鋼,2063.0,43.86562,0.7562835,5.041202132816287,1.1400000000000001,,0.2178932178932179,54966665216.0,50,
6908,イリソ電子工業,電気機器,2692.0,15.970574,0.7592327,3.7147102526002973,4.2480003,11.017,0.0051325919589392645,57475555328.0,50,
2792,ハニーズホールディングス,小売業,1436.0,14.074292,0.8155583,3.83008356545961,6.067,,0.43214285714285716,40032514048.0,50,
8253,クレディセゾン,その他金融業,4648.0,10.940847,0.8776435,2.7969018932874357,9.307,466.593,0.7882523567802756,667795193856.0,50,
8595,ジャフコ　グループ,証券、商品先物取引業,2271.5,18.365944,0.8927821,5.3929121725731894,4.634,11.315,0.2719703977798335,119616225280.0,50,利益急減(-72%) / 売上減(-57%)
9001,東武鉄道,陸運業,2961.0,10.465856,0.9231095,2.3640661938534278,9.385,126.825,0.6444731738849386,578968289280.0,50,
2432,ディー・エヌ・エー,情報・通信業,2437.5,14.263561,1.0457132,2.707692307692308,16.242,7.139,0.3462381300219138,228249878528.0,50,
1968,太平電業,建設業,2371.0,12.568249,1.1959302,2.952340784479123,11.124,11.969,0.30743525480367584,149620490240.0,50,
6785,鈴木,電気機器,2888.0,11.064287,1.3005154,3.6357340720221605,13.934,4.559,0.5777325186693822,41469607936.0,50,
6089,ウィルグループ,サービス業,1162.0,11.503811,1.3314984,3.7865748709122204,13.303999999999998,26.306,0.5722070844686649,26624647168.0,50,
3076,あい　ホールディングス,卸売業,2881.0,11.654059,1.345242,3.818118708781673,12.3859994,0.768,0.7656565656565657,153480036352.0,50,
8157,都築電気,情報・通信業,3975.0,11.170437,1.5470623,3.1698113207547167,13.674,17.643,0.7490494296577946,72410890240.0,50,
2975,スター・マイカ・ホールディングス,不動産業,1557.0,8.745717,1.5731373,3.050738599871548,19.586000000000002,287.487,0.6136363636363636,59069554688.0,50,
7236,ティラド,輸送用機器,1502.0,10.161006,1.5966595,3.7283621837549936,17.467,41.732,0.8864583333333333,85028937728.0,50,
4668,明光ネットワークジャパン,サービス業,772.0,11.591592,1.609148,3.6269430051813467,11.8590005,0.173,0.7391304347826086,19658465280.0,50,
7575,日本ライフライン,卸売業,1546.0,11.604864,1.6827394,3.4928848641655885,15.238999999999999,4.493,0.7561576354679803,108458827776.0,50,
7606,ユナイテッドアローズ,小売業,2594.0,11.717938,1.7055982,3.4309946029298386,16.906,12.147,0.8107476635514018,71603904512.0,50,
9928,ミロク情報サービス,情報・通信業,1925.0,10.960542,1.779185,3.116883116883117,17.543,15.448,0.6923076923076923,57642020864.0,50,
6062,チャーム・ケア・コーポレーション,サービス業,1388.0,11.217069,1.9689116,3.45821325648415,14.607000000000001,44.841,0.7703862660944206,37315948544.0,50,
4310,ドリームインキュベータ,サービス業,2510.0,13.82844,2.0565898,5.458167330677291,9.807,,0.25257731958762886,21934137344.0,50,利益急減(-80%) / 売上減(-18%)
9416,ビジョン,情報・通信業,1054.0,20.099161,2.4886665,4.459203036053131,23.118,8.264,0.26649746192893403,50307538944.0,50,
6088,シグマクシス・ホールディングス,サービス業,547.0,11.472316,3.4123733,4.753199268738574,,39.273,0.08243727598566308,44036972544.0,50,
2148,アイティメディア,サービス業,1252.0,20.514502,3.4496155,7.987220447284344,17.573,2.079,0.16811955168119552,24395655168.0,50,配当過大(減配リスク)
2163,アルトナー,サービス業,967.0,16.312416,3.9948938,4.3433298862461225,27.128999999999998,19.678,0.14736842105263157,20499748864.0,50,
1663,Ｋ＆Ｏエナジーグループ,鉱業,1910.0,13.919253,0.000117277516,0.7853403141361256,7.539999999999999,,0.2903225806451613,102035775488.0,49,
9404,日本テレビホールディングス,情報・通信業,2935.0,12.986726,0.674699,1.5332197614991483,6.534,2.58,0.18152661962796665,715589419008.0,49,
7628,オーハシテクニカ,卸売業,1185.0,14.561317,0.73777854,3.1223628691983123,5.8500000000000005,,0.6292517006802721,30308583424.0,49,
9274,ＫＰＰグループホールディングス,卸売業,1110.0,12.700229,0.76835597,3.2432432432432434,6.1539996,131.443,0.9665871121718377,68540928000.0,49,
6349,小森コーポレーション,機械,1934.0,13.927697,0.8204142,3.6194415718717683,6.2649995,8.27,0.9431034482758621,102623289344.0,49,
2001,ニップン,食料品,2854.0,11.109813,0.8388071,2.3826208829712687,7.795000000000001,27.091,0.8378712871287128,235924586496.0,49,
4301,アミューズ,サービス業,1896.0,11.419623,0.8585615,2.109704641350211,1.976,0.491,0.38427947598253276,30744123392.0,49,利益急減(-94%) / 売上減(-22%)
9101,日本郵船,海運業,6733.0,13.339806,0.8723671,3.044705183424922,7.704999999999999,42.798,0.9238095238095239,2717143531520.0,49,
5020,ＥＮＥＯＳホールディングス,石油・石炭製品,1277.0,13.30347,0.90820706,2.662490211433046,19.527,57.783,0.6114793400084615,3399681835008.0,49,
7981,タカラスタンダード,その他製品,2936.0,12.667185,0.94839114,3.9509536784741144,7.519000000000001,2.217,0.5689277899343544,185646596096.0,49,
4221,大倉工業,化学,5530.0,12.495481,0.9560747,3.0379746835443036,7.869,30.437,0.7902621722846442,62515814400.0,49,
6326,クボタ,機械,2498.0,10.591477,1.0067852,2.0416333066453163,10.014000000000001,76.015,0.5089285714285714,2813728653312.0,49,
4362,日本精化,化学,2627.0,12.975402,1.1168947,3.730491054434716,9.357,,0.38149556400506973,56966451200.0,49,
9974,ベルク,小売業,6700.0,11.01032,1.1478399,1.8507462686567162,10.5179995,38.728,0.3273542600896861,139567005696.0,49,
9531,東京瓦斯,電気・ガス業,6016.0,9.188662,1.1517087,1.8284574468085106,9.626000399999999,70.137,0.3424334344455679,1976285790208.0,49,利益急減(-62%)
4507,塩野義製薬,医薬品,2859.0,11.86701,1.3728025,2.4833857992305,16.773,38.591,0.3416331014280483,2433514471424.0,49,
6653,正興電機製作所,電気機器,2093.0,11.242413,1.4446399,2.6278069756330624,13.849,5.042,0.4183206106870229,28308760576.0,49,
2359,コア,情報・通信業,2102.0,10.492164,1.4540354,2.8544243577545196,15.179,4.507,0.419811320754717,30197544960.0,49,
3635,コーエーテクモホールディングス,情報・通信業,1659.5,12.600608,1.9803221,3.9771015366074116,20.599002,3.572,0.3194719471947195,554667016192.0,49,
3679,じげん,情報・通信業,465.0,11.169829,2.0703473,2.3655913978494625,20.036,23.403,0.44761904761904764,46113746944.0,49,
3771,システムリサーチ,情報・通信業,1892.0,12.011173,2.4723785,3.699788583509514,21.361999,7.226,0.41829085457271364,31378731008.0,49,
7059,コプロ・ホールディングス,サービス業,904.0,12.104981,3.7140663,4.424778761061947,32.889,313.794,0.3860369609856263,34644967424.0,49,
9757,船井総研ホールディングス,サービス業,1147.0,13.164238,3.8403976,3.966870095902354,31.047000000000004,1.027,0.3732394366197183,107094802432.0,49,
6986,双葉電子工業,電気機器,677.0,11.378151,0.34269425,2.658788774002954,1.796,,0.4983388704318937,28714954752.0,48,低PBR×低ROE(万年割安)
7181,かんぽ生命保険,保険業,1632.0,10.701639,0.37924328,2.53265931372549,,102.945,0.6723853081339899,1768553840640.0,48,
7414,小野建,卸売業,1446.0,,0.38116887,4.771784232365145,-2.104,63.052,0.7584541062801933,35329400832.0,48,赤字(EPS≤0) / 低PBR×低ROE(万年割安)
6222,島精機製作所,機械,937.0,37.09422,0.3842315,2.134471718249733,-0.7929999,21.994,0.29310344827586204,31782680576.0,48,売上減(-27%) / 低PBR×低ROE(万年割安)
6875,メガチップス,電気機器,11050.0,19.101124,0.4628456,2.262443438914027,18.413,,0.699238578680203,155618738176.0,48,
7211,三菱自動車工業,輸送用機器,338.7,45.34137,0.4948116,2.952465308532625,2.2669999,43.011,0.24157660521296884,453300060160.0,48,
4996,クミアイ化学工業,化学,768.0,13.499737,0.60025275,3.125,3.9389998000000004,33.363,0.5,92522397696.0,48,
7283,愛三工業,輸送用機器,2233.0,,0.87824976,3.5826242722794444,10.491,51.192,0.6516587677725119,127955591168.0,48,赤字(EPS≤0)
4008,住友精化,化学,1499.0,12.757447,0.9162116,2.935290193462308,9.913000499999999,23.001,0.8681481481481481,96554975232.0,48,
7769,リズム,精密機器,3975.0,13.804001,0.9233658,4.216352201257862,3.6259998,22.882,0.6438356164383562,31647551488.0,48,利益急減(-74%)
7917,ＺＡＣＲＯＳ,化学,1272.0,12.094704,0.94438595,2.8301886792452833,8.578,11.606,0.4752851711026616,91083177984.0,48,
6517,デンヨー,電気機器,4040.0,14.6122675,0.9784137,2.4752475247524752,8.628,3.573,0.6490335707019329,81079443456.0,48,
7438,コンドーテック,卸売業,1596.0,12.383613,1.0575489,3.258145363408521,8.889,21.934,0.5694050991501416,40913395712.0,48,
7893,プロネクサス,その他製品,1136.0,13.655487,1.1119932,3.5211267605633805,8.180001,12.252,0.5792079207920792,28007487488.0,48,
3106,倉敷紡績,繊維製品,10140.0,12.975214,1.1901094,3.0276134122287965,8.919,5.396,0.7055214723926381,159806980096.0,48,
6345,アイチ　コーポレーション,機械,1390.0,13.806118,1.2039125,4.316546762589928,9.689999,,0.6009389671361502,89737469952.0,48,
6592,マブチモーター,電気機器,1721.5,14.125708,1.2063762,3.9790880046471098,9.277000000000001,5.22,0.7275064267352185,410071367680.0,48,
9882,イエローハット,卸売業,1767.0,12.861198,1.2069176,3.508771929824561,9.974,42.67,0.7268722466960352,149979201536.0,48,
9039,サカイ引越センター,陸運業,2982.0,13.973759,1.2084361,3.286384976525822,9.117,3.122,0.7389380530973452,120054505472.0,48,
8622,水戸証券,証券、商品先物取引業,886.0,17.26086,1.2252326,4.514672686230249,10.3369996,8.676,0.9722222222222222,53367492608.0,48,
9301,三菱倉庫,倉庫・運輸関連業,1497.5,9.6061325,1.3436675,2.5375626043405677,11.228,36.719,0.7367521367521368,508817965056.0,48,利益急減(-66%)
6381,アネスト岩田,機械,1908.0,14.026318,1.4925349,4.559748427672956,12.189999,1.924,0.8946280991735537,74123223040.0,48,
8130,サンゲツ,卸売業,3165.0,12.706251,1.5308774,4.897314375987362,14.123,11.71,0.6286231884057971,186075054080.0,48,
8614,東洋証券,証券、商品先物取引業,699.0,12.0579605,1.6624016,7.1530758226037205,18.448,43.856,0.6334519572953736,47473299456.0,48,配当過大(減配リスク)
8624,いちよし証券,証券、商品先物取引業,1675.0,12.247734,1.7496835,4.119402985074627,20.18,1.062,0.9678848283499446,53868724224.0,48,
3107,ダイワボウホールディングス,卸売業,3505.0,9.680716,1.7823535,2.9957203994293864,18.884999999999998,21.659,0.7178014766201805,301177569280.0,48,
3696,セレス,情報・通信業,2168.0,12.172253,1.8935225,8.302583025830259,14.02,27.959,0.5319148936170213,25028718592.0,48,利益急減(-34%) / 配当過大(減配リスク)
6070,キャリアリンク,サービス業,2635.0,12.086602,1.9944518,4.554079696394687,20.379,3.378,0.7530864197530864,31294951424.0,48,
2154,オープンアップグループ,サービス業,2013.0,14.497659,2.1316023,4.222553402881272,14.886,12.433,0.8037974683544303,171024826368.0,48,利益急減(-43%)
2181,パーソルホールディングス,サービス業,287.4,14.984358,2.8953676,4.0013917884481565,20.683001,34.607,0.8920308483290484,641089208320.0,48,
5032,ＡＮＹＣＯＬＯＲ,情報・通信業,2764.0,11.976774,6.1456227,2.7134587554269176,57.595,,0.15826886891072547,165704351744.0,48,利益急減(-43%)
8276,平和堂,小売業,2695.0,14.228394,0.6804628,2.4489795918367347,4.3839999999999995,10.562,0.3721719457013575,133280882688.0,47,利益急減(-44%)
8167,リテールパートナーズ,小売業,1486.0,12.413332,0.700134,2.6917900403768504,5.4180003999999995,14.775,0.86084142394822,62546845696.0,47,
3028,アルペン,小売業,2353.0,14.264929,0.71802974,2.337441563960901,5.064000200000001,10.929,0.8243021346469622,88236728320.0,47,
8273,イズミ,小売業,1012.0,12.740778,0.7197499,2.9644268774703555,5.7509999999999994,37.547,0.5148740240562875,212726890496.0,47,
4118,カネカ,化学,6085.0,12.189747,0.72476447,2.629416598192276,7.355,43.026,0.805064308681672,365449084928.0,47,
4577,ダイト,医薬品,1334.0,12.412766,0.72498107,2.998500749625187,5.973,17.557,0.5336658354114713,37698600960.0,47,
7942,ＪＳＰ,化学,3105.0,12.328767,0.732034,2.898550724637681,7.457,21.754,0.9030172413793104,81372905472.0,47,
9104,商船三井,海運業,6966.0,11.2358465,0.8035623,2.8710881424059718,7.892,85.568,0.8815963060686016,2393658097664.0,47,
5011,ニチレキグループ,石油・石炭製品,2348.0,15.563068,0.8448827,3.4071550255536627,5.906000000000001,23.645,0.44420600858369097,66813329408.0,47,
9699,ニシオホールディングス,サービス業,4550.0,10.953299,0.87200695,2.879120879120879,7.7410005,73.479,0.7317073170731707,126322556928.0,47,
1945,東京エネシス,建設業,2005.0,15.545046,0.92381454,3.14214463840399,6.235,23.824,0.40293040293040294,66435403776.0,47,
9622,スペース,サービス業,1430.0,9.112344,0.98485255,1.8881118881118881,7.729,,0.3094059405940594,35127586816.0,47,
7189,西日本フィナンシャルホールディングス,銀行業,4605.0,0.015988601,1.0019147,2.5624321389793705,7.813000000000001,,0.8711890243902439,641395720192.0,47,
1417,ミライト・ワン,建設業,3443.0,13.151762,1.0979773,2.4687772291606156,9.9580005,31.618,0.43036386449184444,299834015744.0,47,
6305,日立建機,機械,5420.0,15.745744,1.2525555,3.2287822878228782,10.929,58.427,0.3803638860281497,1153029505024.0,47,
9435,光通信,情報・通信業,38120.0,11.093359,1.3317512,2.0199370409234,14.485999999999999,86.268,0.38636363636363635,1665782382592.0,47,
2395,新日本科学,サービス業,1471.0,13.405632,1.4674752,3.399048266485384,13.665,88.922,0.43070362473347545,61240401920.0,47,
5036,日本ビジネスシステムズ,情報・通信業,1546.0,10.743572,2.4318957,2.58732212160414,26.143998000000003,90.281,0.3345070422535211,69661155328.0,47,
5408,中山製鋼所,鉄鋼,635.0,13.983704,0.3106181,2.204724409448819,3.0250002,7.564,0.5419354838709678,31990867968.0,46,
9535,広島ガス,電気・ガス業,420.0,13.707572,0.40291595,2.857142857142857,2.619,47.499,0.8108108108108109,28868941824.0,46,利益急減(-33%)
6310,井関農機,機械,1737.0,15.187549,0.50028497,2.3028209556706964,3.7049998,74.737,0.23756345177664975,39313043456.0,46,
6817,スミダコーポレーション,電気機器,1206.0,18.187304,0.62759644,4.39469320066335,3.578,103.319,0.3034825870646766,39918907392.0,46,
7313,テイ・エス　テック,輸送用機器,1817.0,30.122679,0.68106,4.953219592735278,3.079,,0.3866057838660578,212211531776.0,46,
5938,ＬＩＸＩＬ,金属製品,1708.0,60.35336,0.7518873,5.269320843091335,0.889,107.898,0.32616487455197135,491208933376.0,46,
5757,ＣＫサンエツ,非鉄金属,5150.0,11.9210205,0.7595965,1.7475728155339807,6.455,38.439,0.6746411483253588,42560954368.0,46,
5943,ノーリツ,金属製品,2403.0,15.35169,0.76926696,3.5788597586350397,5.119,5.19,0.7471116816431322,109747765248.0,46,
6118,アイダエンジニアリング,機械,1262.0,16.101048,0.7913893,3.0903328050713155,5.0029997,4.906,0.7854077253218884,68578635776.0,46,利益急減(-46%)
7347,マーキュリアホールディングス,証券、商品先物取引業,779.0,,0.87097305,2.8241335044929397,9.748999999999999,3.351,0.43781094527363185,15072188416.0,46,赤字(EPS≤0)
167A,リョーサン菱洋ホールディングス,卸売業,3065.0,16.539852,0.88811105,4.567699836867863,5.8520004,37.201,0.5438388625592417,122909392896.0,46,
9517,イーレックス,電気・ガス業,863.0,12.629884,0.9522853,2.549246813441483,8.397,74.551,0.5096153846153846,67471695872.0,46,
4114,日本触媒,化学,2597.0,23.152359,0.95539194,4.351174432036966,5.899,16.291,0.86960933536276,383773278208.0,46,
7184,富山第一銀行,銀行業,3100.0,12.970169,0.9790431,2.7096774193548385,10.152999999999999,,0.8672768878718535,188636413952.0,46,
4521,科研製薬,医薬品,4000.0,70.89685,0.9907879,4.75,6.8670005000000005,2.518,0.5082872928176796,151473258496.0,46,
1976,明星工業,建設業,1765.0,15.10225,1.1890326,3.6827195467422094,8.093,1.165,0.3738656987295826,81017200640.0,46,
9065,山九,陸運業,8391.0,13.660562,1.3747009,2.931712549159814,11.420999499999999,34.293,0.289171974522293,420767825920.0,46,
6183,ベルシステム２４ホールディングス,サービス業,1399.0,12.7100935,1.4049965,4.288777698355969,12.087,64.315,0.48,104009105408.0,46,
2201,森永製菓,食料品,2551.0,12.0826025,1.483243,2.5480203841630735,12.764000000000001,28.033,0.27502634351949423,214205464576.0,46,
9551,メタウォーター,電気・ガス業,3020.0,14.435256,1.4976325,2.3178807947019866,11.184,42.35,0.1316931982633864,132112580608.0,46,
9984,ソフトバンクグループ,情報・通信業,5227.0,5.9891148,1.6342179,0.21044576238760282,31.964,130.15,0.32615169031354,29788274163712.0,46,
8056,ＢＩＰＲＯＧＹ,情報・通信業,4474.0,13.972081,2.414041,2.9056772463120253,17.351,40.829,0.17704122877930478,432259235840.0,46,
1969,高砂熱学工業,建設業,4149.0,14.521718,2.623822,2.77175222945288,18.063000000000002,19.125,0.10813823857302118,542949867520.0,46,
3836,アバントグループ,情報・通信業,1181.0,14.164068,2.7926223,2.7095681625740897,19.756999999999998,0.045,0.1516919486581097,,46,利益急減(-60%)
2726,パルグループホールディングス,小売業,1519.0,14.900922,3.222549,2.633311389071758,22.837,15.721,0.12545899632802937,263184072704.0,46,
7267,本田技研工業,輸送用機器,1662.0,,0.5234161,4.21179302045728,-0.7620000299999999,113.838,0.8617886178861789,6470193643520.0,45,赤字(EPS≤0)
6339,新東工業,機械,1207.0,,0.55069345,3.645401822700911,-12.553,39.127,0.7518072289156627,63387344896.0,45,赤字(EPS≤0)
5988,パイオラックス,金属製品,1696.0,,0.63658285,5.4245283018867925,0.0060000002,36.714,0.5026315789473684,40787599360.0,45,赤字(EPS≤0)
6279,瑞光,機械,917.0,12.302119,0.6654393,1.3086150490730644,5.238,6.863,0.35789473684210527,23818354688.0,45,売上減(-19%)
5185,フコク,ゴム製品,2040.0,27.676027,0.703105,4.166666666666666,4.401,35.488,0.8078817733990148,29013630976.0,45,
3580,小松マテーレ,繊維製品,751.0,19.491306,0.7076481,3.5952063914780292,4.112,,0.28225806451612906,28296202240.0,45,
9081,神奈川中央交通,陸運業,3890.0,13.192702,0.7168698,2.313624678663239,6.515,91.647,0.768361581920904,47734525952.0,45,
3050,ＤＣＭホールディングス,小売業,1579.0,12.430135,0.7550667,2.9765674477517416,6.465999999999999,88.265,0.5116959064327485,215740596224.0,45,
3632,グリーホールディングス,情報・通信業,421.0,17.741257,0.7568254,5.225653206650831,4.0749997,17.252,0.5714285714285714,72329224192.0,45,
7537,丸文,卸売業,1730.0,13.71492,0.7900452,2.8901734104046244,5.707,70.625,0.7842046718576196,45400289280.0,45,
6104,芝浦機械,機械,4085.0,93.521065,0.8222064,3.4271725826193387,0.123,8.722,0.28618421052631576,96598040576.0,45,売上減(-32%)
2491,バリューコマース,サービス業,481.0,,0.8560196,10.187110187110187,3.8900003,,0.1738095238095238,10456018944.0,45,赤字(EPS≤0) / 売上減(-59%) / 配当過大(減配リスク)
2281,プリマハム,食料品,2402.0,26.346386,0.9936772,3.330557868442964,1.95,14.804,0.2639664804469274,120730157056.0,45,
6413,理想科学工業,機械,1098.0,15.9802065,1.0208209,4.553734061930783,7.4099995000000005,12.578,0.43342776203966005,68847214592.0,45,
7278,エクセディ,輸送用機器,6070.0,19.97433,1.1516421,4.942339373970346,8.32,26.631,0.8253968253968254,218298515456.0,45,
5192,三ツ星ベルト,ゴム製品,4370.0,16.59893,1.1957457,4.37070938215103,8.126999999999999,1.716,0.7405660377358491,121973719040.0,45,
9364,上組,倉庫・運輸関連業,4838.0,15.541279,1.226148,4.23728813559322,7.864,15.449,0.3315143246930423,474842333184.0,45,
8097,三愛オブリ,卸売業,2363.0,15.99648,1.2606082,4.231908590774439,9.600999999999999,2.127,0.5898692810457516,146228019200.0,45,
8698,マネックスグループ,証券、商品先物取引業,684.0,15.767634,1.319676,4.488304093567251,8.312,93.114,0.2533783783783784,171932762112.0,45,
7649,スギホールディングス,小売業,2701.0,10.860911,1.6631199,1.295816364309515,10.896,31.598,0.03173483779971791,502534111232.0,45,利益急減(-68%)
6432,竹内製作所,機械,7120.0,11.639502,1.7649716,3.089887640449438,16.285999,,0.7186440677966102,328893562880.0,45,
7003,三井Ｅ＆Ｓ,機械,4100.0,10.757484,1.84771,1.3902439024390245,19.448,35.226,0.07446127586942607,413763305472.0,45,
3252,地主,不動産業,2942.0,9.101315,2.1655426,1.8694765465669612,13.866,174.294,0.18543046357615894,60839211008.0,45,利益急減(-58%) / 売上減(-51%)
2307,クロスキャット,情報・通信業,1090.0,10.102882,2.3613877,3.3944954128440368,25.494,,0.5012658227848101,15255748608.0,45,
3925,ダブルスタンダード,情報・通信業,1347.0,16.440865,2.7258322,5.1967334818114335,16.951,,0.27023498694516973,18205845504.0,45,利益急減(-40%)
2379,ディップ,サービス業,1837.0,16.133848,2.730064,5.171475231355471,12.051,,0.18922305764411027,96176005120.0,45,利益急減(-73%)
2127,日本Ｍ＆Ａセンターホールディングス,サービス業,653.6,16.614132,4.3621607,3.518971848225214,28.750999999999998,5.866,0.22357525572333165,207228649472.0,45,
3092,ＺＯＺＯ,小売業,1113.0,20.554016,9.953052,3.5040431266846364,51.832,20.357,0.2548298068077277,974557609984.0,45,
7238,曙ブレーキ工業,輸送用機器,106.0,31.085043,0.5682153,,5.072,62.311,0.02531645569620253,28771581952.0,44,
3865,北越コーポレーション,パルプ・紙,903.0,20.720512,0.5741524,2.8792912513842746,2.6919998,42.013,0.35471698113207545,143451979776.0,44,
5401,日本製鉄,鉄鋼,677.9,207.9448,0.6286037,3.5403451836554063,5.505,90.107,0.8304225352112675,3542904733696.0,44,
6962,大真空,電気機器,775.0,58.6233,0.62969476,3.612903225806452,,81.185,0.35260115606936415,24648046592.0,44,
7744,ノーリツ鋼機,精密機器,1970.0,10.323324,0.66552573,0.9137055837563453,7.3920004,75.613,0.4908616187989556,206051983360.0,44,
7888,三光合成,化学,893.0,35.892284,0.78379536,3.135498320268757,2.385,77.593,0.4298245614035088,27222001664.0,44,
8593,三菱ＨＣキャピタル,その他金融業,1373.0,14.461765,0.97972685,3.3503277494537507,7.2010000000000005,498.194,0.5476510067114094,1968606937088.0,44,利益急減(-45%)
8725,ＭＳ＆ＡＤインシュアランスグループホールディングス,保険業,4860.0,14.170336,1.050019,2.57201646090535,16.088,25.214,0.8596663395485771,6968407228416.0,44,
6742,京三製作所,電気機器,996.0,12.234368,1.1331046,2.5100401606425704,12.0220006,46.172,0.828099173553719,61475483648.0,44,
3176,三洋貿易,卸売業,1111.0,14.574314,1.1478293,2.6552655265526552,10.256,2.532,0.8622222222222222,64062640128.0,44,
3569,セーレン,繊維製品,3370.0,12.678229,1.1956757,2.2551928783382786,10.5629995,5.364,0.5868347338935574,197361483776.0,44,
5713,住友金属鉱山,非鉄金属,9597.0,14.765298,1.2097557,2.3757424195060954,11.684,30.335,0.6136671883150756,2576676552704.0,44,
1963,日揮ホールディングス,建設業,2229.5,12.898466,1.267976,2.3323615160349855,11.851,8.387,0.5604534005037783,539708358656.0,44,売上減(-16%)
2815,アリアケジャパン,食料品,5320.0,17.916077,1.2854019,3.3834586466165413,7.158,0.006,0.2676056338028169,169432612864.0,44,
262A,インターメスティック,小売業,1802.0,12.569755,1.993557,2.4417314095449503,17.292999000000002,65.775,0.08267716535433071,55264276480.0,44,
7972,イトーキ,その他製品,2508.0,12.196664,2.0056264,2.9904306220095696,17.586,59.521,0.20548862115127176,124068093952.0,44,
3901,マークラインズ,情報・通信業,1608.0,13.190058,2.9176471,3.233830845771144,22.597,,0.3901477832512315,20496392192.0,44,
4481,ベース,情報・通信業,3190.0,14.0232115,3.8167572,3.8557993730407523,27.044,,0.391395592864638,57862115328.0,44,
6200,インソース,サービス業,723.0,14.488977,4.4985347,3.4578146611341634,34.797,,0.3426724137931034,60723994624.0,44,
2266,六甲バター,食料品,1070.0,14.03831,0.6220652,1.8691588785046727,,34.14,0.1743119266055046,19670261760.0,43,
7475,アルビス,小売業,2524.0,16.007103,0.6371816,2.77337559429477,4.18,32.665,0.2,21088800768.0,43,
4044,セントラル硝子,化学,4450.0,13.189875,0.8636789,3.8202247191011236,,21.704,0.7945619335347432,110327889920.0,43,
8101,ＧＳＩクレオス,卸売業,2753.0,13.286679,0.9915861,3.7776970577551765,,33.08,0.905,33410504704.0,43,
8242,エイチ・ツー・オー　リテイリング,小売業,2864.5,11.3585,1.0714058,1.6058648978879386,11.7010005,44.838,0.8277623026926648,322788327424.0,43,
2475,ＷＤＢホールディングス,サービス業,1832.0,12.939681,1.0732058,3.411572052401747,8.269,,0.8790931989924433,35143192576.0,43,
9739,ＮＳＷ,情報・通信業,2700.0,10.842938,1.0812322,4.62962962962963,,,0.8843683083511777,40228319232.0,43,
8803,平和不動産,不動産業,2339.0,14.127809,1.2493403,3.548525010688328,8.5839994,212.241,0.4599483204134367,154538328064.0,43,売上減(-16%)
9110,ＮＳユナイテッド海運,海運業,10440.0,10.215164,1.3010104,2.9693486590038316,13.713999,34.052,0.9868421052631579,246023700480.0,43,
4206,アイカ工業,化学,4037.0,14.6443205,1.3192194,3.4183799851374785,10.3520006,20.281,0.7761692650334076,255443845120.0,43,
6651,日東工業,電気機器,4330.0,14.286657,1.333309,3.510392609699769,10.231,18.876,0.5476190476190477,164267687936.0,43,
5444,大和工業,鉄鋼,12530.0,12.225106,1.3690373,3.192338387869114,12.218001000000001,0.08,0.6707818930041153,748697681920.0,43,
1939,四電工,建設業,2052.0,12.95291,1.3759245,3.752436647173489,12.4960005,7.127,0.8770491803278688,97130627072.0,43,
8750,第一ライフグループ,保険業,1776.0,14.657094,1.3986642,3.0686936936936937,13.575000000000001,30.147,0.7982359426681367,4734384078848.0,43,
4189,ＫＨネオケム,化学,3210.0,12.300264,1.505733,3.348909657320872,12.576,21.16,0.7131474103585658,112377659392.0,43,
7458,第一興商,卸売業,1850.0,12.058402,1.5410619,3.081081081081081,13.007,43.844,0.8575342465753425,191247253504.0,43,
9880,イノテック,電気機器,3530.0,11.072773,1.6351525,2.1246458923512748,20.209,25.814,0.5952659263588544,42482302976.0,43,
6929,日本セラミック,電気機器,3645.0,14.131193,1.6424446,3.4293552812071333,11.2840004,0.136,0.45726495726495725,74770644992.0,43,利益急減(-56%)
7244,市光工業,電気機器,556.0,7.265125,1.673877,0.44964028776978415,21.043,77.463,0.7543859649122807,53545250816.0,43,利益急減(-31%)
4658,日本空調サービス,サービス業,1527.0,14.409739,1.6782912,3.536345776031434,13.724,11.751,0.6550580431177446,52926205952.0,43,
7164,全国保証,その他金融業,3172.0,13.013867,1.7345238,3.783102143757881,14.051,12.347,0.48877805486284287,422131367936.0,43,
1926,ライト工業,建設業,3740.0,12.96765,1.8182304,3.8770053475935833,15.061,2.119,0.5076923076923077,153537478656.0,43,
2674,ハードオフコーポレーション,小売業,2705.0,14.923315,1.8932036,3.1423290203327174,18.21,33.027,0.7056603773584905,37634691072.0,43,
9090,ＡＺ－ＣＯＭ丸和ホールディングス,陸運業,888.0,17.02454,1.9494162,3.6036036036036037,11.741000399999999,94.033,0.2846299810246679,119598727168.0,43,
1433,ベステラ,建設業,1191.0,14.635046,1.9690702,3.3585222502099077,12.052999999999999,15.993,0.5340909090909091,10553344000.0,43,
4848,フルキャストホールディングス,サービス業,1863.0,13.968659,2.0052872,3.435319377348363,15.045998999999998,48.46,0.9622166246851386,64853975040.0,43,
4503,アステラス製薬,医薬品,2337.0,14.408138,2.1569488,3.3376123234916557,21.301001,30.336,0.6722725312634756,4190273273856.0,43,
166A,タスキホールディングス,不動産業,1141.0,12.490421,2.1812232,4.557405784399649,24.556998999999998,221.947,0.8397328881469115,70423232512.0,43,
2767,円谷フィールズホールディングス,卸売業,2401.0,11.476506,2.4386404,2.9154518950437316,20.091998999999998,12.741,0.8823529411764706,149468119040.0,43,売上減(-21%)
4709,ＩＤホールディングス,情報・通信業,1074.0,12.494184,2.44046,3.7243947858473,19.565001000000002,3.995,0.566813509544787,36493938688.0,43,
1980,ダイダン,建設業,2664.0,12.854661,2.646312,3.128003003003003,21.871,2.518,0.45376344086021503,344663162880.0,43,
409A,オリオンビール,食料品,1193.0,10.47318,2.7272623,3.6881810561609383,,92.113,0.08003442340791739,50286096384.0,43,利益急減(-59%)
544A,ＧＭＳグループ,機械,368.0,,0.41645354,2.717391304347826,,63.714,0.41346153846153844,27896434688.0,42,PER算出不可
8551,北日本銀行,銀行業,7330.0,13.882576,0.6244512,2.510231923601637,5.465,,0.8819444444444444,60091576320.0,42,
3101,東洋紡,化学,1575.0,12.432901,0.6522717,2.5396825396825395,6.8280004000000005,102.185,0.5898004434589801,138985504768.0,42,
8550,栃木銀行,銀行業,1052.0,13.196186,0.6645878,2.4714828897338403,5.4959998,,0.8700564971751412,109547470848.0,42,
8600,トモニホールディングス,銀行業,1090.0,13.196126,0.6932925,2.385321100917431,5.922000000000001,,0.8801498127340824,209515593728.0,42,
9536,西部ガスホールディングス,電気・ガス業,2416.0,12.320245,0.7107419,2.8973509933774833,7.098,213.711,0.7311960542540074,86955524096.0,42,
9310,日本トランスシティ,倉庫・運輸関連業,1446.0,13.70746,0.86415493,2.97372060857538,6.979,32.545,0.9225352112676056,88653398016.0,42,
2681,ゲオホールディングス,小売業,2239.0,10.207896,0.8844457,1.5185350602947745,9.9309996,148.315,0.8105395232120451,89075195904.0,42,
4095,日本パーカライジング,化学,1703.0,14.540642,0.9024874,2.9359953024075165,6.944999999999999,0.112,0.6921708185053381,179411632128.0,42,
9729,トーカイ,サービス業,2518.0,13.561696,0.91998744,2.5019857029388404,7.247000000000001,5.506,0.5572519083969466,77767606272.0,42,
3201,日本毛織,繊維製品,1933.0,12.948821,0.9298742,2.4831867563372994,7.7090000000000005,10.852,0.7124600638977636,125902192640.0,42,
6923,スタンレー電気,電気機器,3525.0,14.657574,0.94012356,2.950354609929078,7.180000000000001,35.997,0.7376893939393939,433963827200.0,42,
5471,大同特殊鋼,鉄鋼,2299.0,14.219446,0.94900036,2.1313614615050023,7.555000000000001,39.527,0.6041491449397253,459463917568.0,42,
6794,フォスター電機,電気機器,2924.0,13.2349615,0.97617877,2.7359781121751023,7.052,15.559,0.611336032388664,65695870976.0,42,利益急減(-91%)
7860,エイベックス,情報・通信業,1254.0,14.9820795,1.044389,3.9872408293460926,6.8959996,1.269,0.5,53521686528.0,42,利益急減(-44%)
7844,マーベラス,情報・通信業,485.0,14.737162,1.0548638,2.4742268041237114,9.937,,0.36619718309859156,29377982464.0,42,売上減(-28%)
2209,井村屋グループ,食料品,2380.0,12.754555,1.210676,1.5966386554621848,10.346,33.788,0.3932135728542914,30456977408.0,42,
1332,ニッスイ,水産・農林業,1285.0,14.24612,1.2751799,2.490272373540856,10.2589995,95.197,0.512570548999487,389704318976.0,42,
9672,東京都競馬,サービス業,5040.0,12.56294,1.3371325,2.638888888888889,11.0190004,16.948,0.30666666666666664,131246235648.0,42,
6753,シャープ,電気機器,616.0,8.430272,1.3569387,,9.599,152.005,0.22018348623853215,399972794368.0,42,利益急減(-89%)
6005,三浦工業,機械,3051.0,12.777987,1.437212,2.359882005899705,12.908,9.537,0.3527588344699318,353151287296.0,42,
3183,ウイン・パートナーズ,卸売業,1273.0,16.530321,1.576699,4.241948153967007,9.225000399999999,,0.2784090909090909,35006017536.0,42,
1959,クラフティア,建設業,8024.0,14.172922,1.6326656,2.741774675972084,12.303001,8.336,0.31160786426070564,567576231936.0,42,
6328,荏原実業,機械,2327.0,12.0745125,1.6787493,2.6858616244091102,15.843001000000001,4.419,0.32339331619537276,54719152128.0,42,利益急減(-32%)
2670,エービーシー・マート,小売業,2774.0,14.812837,1.7114414,2.7036770007209805,12.385,1.09,0.4455002794857462,686888517632.0,42,
2875,東洋水産,食料品,10500.0,14.717632,1.8995037,2.0952380952380953,14.105,0.574,0.3327495621716287,1009339662336.0,42,
9513,電源開発,電気・ガス業,3910.0,12.016719,0.48052552,2.557544757033248,3.3869999999999996,125.78,0.6658367911479944,688192421888.0,41,利益急減(-45%)
6958,日本シイエムケイ,電気機器,716.0,12.681544,0.6182919,2.793296089385475,4.9429998,48.258,0.797071129707113,51045666816.0,41,
8570,イオンフィナンシャルサービス,その他金融業,1655.0,16.939611,0.7492804,3.2024169184290034,6.048,,0.5408734602463606,357288312832.0,41,
7943,ニチハ,ガラス・土石製品,3030.0,40.934883,0.82164836,3.762376237623762,3.4799999999999995,13.053,0.3411214953271028,100607672320.0,41,
5711,三菱マテリアル,非鉄金属,5050.0,16.260948,0.8516806,2.297029702970297,14.458999,88.9,0.702433628318584,659921043456.0,41,
3036,アルコニックス,卸売業,3330.0,17.852356,0.8862794,2.6126126126126126,11.125,60.783,0.74,100103323648.0,41,
6763,帝国通信工業,電気機器,2856.0,20.724186,0.9154172,3.5014005602240896,5.177,0.15,0.5606217616580311,26371336192.0,41,
5659,日本精線,鉄鋼,1367.0,19.531363,0.98649794,3.0724213606437454,5.7389997,1.359,0.5616942909760589,41984425984.0,41,
9076,セイノーホールディングス,陸運業,2790.0,19.20033,0.9868962,3.7275985663082443,6.2470004,19.26,0.9220055710306406,453687967744.0,41,
5463,丸一鋼管,鉄鋼,1745.5,14.799898,1.096975,2.5683185333715266,8.189,1.202,0.6754032258064516,386467659776.0,41,
8303,ＳＢＩ新生銀行,銀行業,1557.5,11.332217,1.1286755,2.696629213483146,,,4.202820209225907e-09,1381502550016.0,41,
8255,アクシアル　リテイリング,小売業,1259.0,12.682583,1.1680954,2.3034154090548054,9.386999999999999,2.103,0.8293413173652695,109845184512.0,41,
6703,沖電気工業,電気機器,2663.0,10.740935,1.3446717,2.44085617724371,16.402,51.073,0.46891507517269404,231004110848.0,41,
1882,東亜道路工業,建設業,1596.0,21.518135,1.436589,5.639097744360902,6.7940004,0.967,0.2796780684104628,73747308544.0,41,
7419,ノジマ,小売業,1280.0,10.231814,1.4518415,1.3802343750000001,21.113001,31.717,0.40437158469945356,374290907136.0,41,
2462,ライク,サービス業,1525.0,12.567991,1.539701,3.934426229508197,12.652999000000001,57.873,0.5078740157480315,29264846848.0,41,
8020,兼松,卸売業,2112.0,10.845229,1.6494781,2.9829545454545454,18.011999,83.248,0.6372898624554254,351459540992.0,41,
9629,ピー・シー・エー,情報・通信業,1547.0,19.243687,1.7930826,6.1409179056237875,12.702,,0.41630434782608694,31020339200.0,41,利益急減(-41%)
1780,ヤマウラ,建設業,1467.0,8.773924,2.013959,0.17041581458759372,10.428999999999998,,0.3989501312335958,27206514688.0,41,
8252,丸井グループ,小売業,2948.0,18.628752,2.233826,4.443690637720488,12.443,340.718,0.40482954545454547,526838038528.0,41,
4666,パーク２４,不動産業,1977.0,9.036475,3.0510294,1.5174506828528074,41.342997999999994,148.919,0.44427001569858715,337535533056.0,41,
6196,ストライクグループ,サービス業,1306.0,15.573575,3.50897,4.594180704441041,25.704,,0.3614457209215627,75236425728.0,41,
6619,ダブル・スコープ,電気機器,152.0,,0.22879988,,-27.145000000000003,18.867,0.05829596412556054,9169381376.0,40,赤字(EPS≤0) / 低PBR×低ROE(万年割安)
5932,三協立山,金属製品,663.0,,0.2295673,3.770739064856712,-14.135,105.706,0.5,20778086400.0,40,赤字(EPS≤0) / 低PBR×低ROE(万年割安)
4611,大日本塗料,化学,1485.0,25.212223,0.63731503,3.9057239057239053,3.5709999999999997,21.921,0.8361581920903954,42417143808.0,40,
2613,Ｊ－オイルミルズ,食料品,2190.0,15.256008,0.65705603,3.1963470319634704,4.8600003,18.227,0.9649122807017544,72521908224.0,40,
6798,ＳＭＫ,電気機器,3310.0,374.0113,0.66927284,3.0211480362537766,2.9059999,44.546,0.7211286089238845,20947265536.0,40,
6445,ジャノメ,機械,1400.0,41.953854,0.669497,3.9285714285714284,4.839,6.203,0.7950617283950617,23412314112.0,40,
7613,シークス,卸売業,1600.0,19.265503,0.6854485,3.125,3.795,29.682,0.8302919708029197,75439030272.0,40,
9470,学研ホールディングス,情報・通信業,1035.0,13.289677,0.8049276,2.657004830917874,7.951,66.182,0.46473029045643155,43080536064.0,40,
9755,応用地質,サービス業,2856.0,19.18968,0.83007574,4.271708683473389,4.281,3.833,0.4574829931972789,65081311232.0,40,
5976,高周波熱錬,金属製品,1495.0,37.66692,0.83739424,4.749163879598662,3.5680000000000005,17.384,0.9168975069252078,47964561408.0,40,
9533,東邦瓦斯,電気・ガス業,1182.5,14.116033,0.8552405,1.9027484143763214,5.143,33.697,0.35391766268260294,420859150336.0,40,利益急減(-39%)
9740,セントラル警備保障,サービス業,2747.0,15.692659,0.9268072,2.184200946487077,5.7490002,11.916,0.35645677694770544,38462709760.0,40,
8125,ワキタ,卸売業,1926.0,27.57732,0.9848705,5.192107995846314,3.5409999999999995,1.482,0.5936329588014981,95777652736.0,40,
9005,東急,陸運業,1650.5,10.843571,0.9962877,1.8176310209027566,,148.254,0.16357308584686775,929912848384.0,40,
6616,トレックス・セミコンダクター,電気機器,1888.0,17.265661,1.0223471,2.9661016949152543,11.14,61.666,0.3176470588235294,19997765632.0,40,
7840,フランスベッドホールディングス,その他製品,1269.0,17.279411,1.0618501,3.230890464933018,7.3920004,31.447,0.43317972350230416,42349756416.0,40,
5602,栗本鐵工所,鉄鋼,1706.0,15.452898,1.094879,3.376318874560375,8.193,19.212,0.5272727272727272,103541538816.0,40,
5741,ＵＡＣＪ,非鉄金属,2331.0,,1.1079876,2.3595023595023594,23.305,99.322,0.40849056603773587,422072320000.0,40,赤字(EPS≤0)
9023,東京地下鉄,陸運業,1449.5,14.252705,1.1388564,2.89755087961366,7.376,149.06,0.27887617065556713,841575170048.0,40,
8801,三井不動産,不動産業,1447.0,14.330989,1.2001735,2.4187975120939877,6.705,152.103,0.030013642564802184,3895590387712.0,40,利益急減(-37%) / 売上減(-23%)
7949,小松ウオール工業,その他製品,2767.0,15.973906,1.269262,4.6982291290206,8.184,,0.5728862973760933,48701591552.0,40,
7456,松田産業,卸売業,6460.0,9.9706745,1.3317262,1.5479876160990713,18.932,36.227,0.5344325897187197,166938705920.0,40,
5208,有沢製作所,化学,2562.0,17.03231,1.6913112,4.761904761904762,10.741,37.637,0.7142857142857143,83972841472.0,40,
4743,アイティフォー,情報・通信業,1659.0,15.916722,2.1891713,4.822182037371911,14.604999,1.016,0.6510263929618768,43902373888.0,40,
1414,ショーボンドホールディングス,建設業,1264.5,16.633781,2.3783057,3.6773428232502967,14.444,,0.20263350402340893,254115987456.0,40,
6454,マックス,機械,1750.0,22.84297,2.7801077,8.457142857142857,13.488,1.088,0.6553398058252428,314632175616.0,40,配当過大(減配リスク)
4928,ノエビアホールディングス,化学,4790.0,20.166723,3.2069972,4.801670146137787,16.138001,1.328,0.6818181818181818,163608231936.0,40,
6250,やまびこ,機械,4035.0,8.915551,3.2168927,0.6195786864931847,10.637,34.623,0.7993542435424354,165145608192.0,40,
6036,ＫｅｅＰｅｒ技研,サービス業,3145.0,8.7293215,3.4208207,1.9077901430842605,45.582,5.171,0.45622435020519836,85830549504.0,40,
9010,富士急行,陸運業,2740.0,4.077199,3.4792945,1.167883211678832,14.837,102.157,0.8931383577052868,145488248832.0,40,
2146,ＵＴグループ,サービス業,225.0,19.296741,4.1901784,5.929333333333333,24.46,28.649,0.875,127460638720.0,40,
6194,アトラエ,サービス業,908.0,18.530613,4.4237657,7.488986784140969,11.271,16.738,0.9415584415584416,,40,配当過大(減配リスク)
7388,ＦＰパートナー,保険業,2258.0,30.276213,4.7080407,4.162976085031001,15.514,9.299,0.49705304518664045,52099186688.0,40,
4704,トレンドマイクロ,情報・通信業,5614.0,20.813406,6.123606,3.295333095831849,29.983999999999998,,0.2148997134670487,728654151680.0,40,利益急減(-36%)
2124,ジェイエイシーリクルートメント,サービス業,990.0,17.432646,7.2114334,5.555555555555555,44.757000000000005,1.109,0.4735376044568245,157364092928.0,40,
8218,コメリ,小売業,3860.0,12.455229,0.6896828,1.450777202072539,5.8280002,12.825,0.7130434782608696,181256503296.0,39,
7245,大同メタル工業,輸送用機器,1294.0,13.808558,0.73316896,2.3956723338485317,,69.987,0.45917387127761766,60000354304.0,39,
7752,リコー,電気機器,1588.5,16.262285,0.7609111,2.5180988353792886,7.453,43.356,0.7773892773892774,892815998976.0,39,
6809,ＴＯＡ,電気機器,1678.0,15.84065,1.006251,5.065554231227652,7.7360004,1.618,0.6903870162297129,58219659264.0,39,
6905,コーセル,電気機器,1293.0,,1.0196599,4.253673627223511,-6.308,0.433,0.38617200674536256,53186469888.0,39,赤字(EPS≤0)
3407,旭化成,化学,1616.5,13.819782,1.0280156,2.5982060006186205,9.751,56.856,0.6198292843072882,2166045802496.0,39,
8214,ＡＯＫＩホールディングス,小売業,1712.0,15.215074,1.0291022,4.672897196261682,6.084,18.1,0.5448113207547169,144078438400.0,39,利益急減(-76%)
4694,ビー・エム・エル,サービス業,3585.0,17.618439,1.057176,3.486750348675035,6.158,,0.21182266009852216,134378708992.0,39,
6823,リオン,電気機器,3390.0,14.60892,1.1861097,2.5073746312684366,10.281,,0.5416666666666666,41799778304.0,39,
8309,三井住友トラストグループ,銀行業,1688.5,12.795544,1.2685322,2.7391175599644653,10.779,,0.8972513089005235,4650030858240.0,39,
7826,フルヤ金属,その他製品,8020.0,12.343589,2.5155742,4.301745635910224,5.692,18.171,0.6584808680753855,197286412288.0,39,
8281,ゼビオホールディングス,小売業,1196.0,,0.41886944,2.9264214046822743,-2.015,5.313,0.8166666666666667,49492783104.0,38,赤字(EPS≤0)
5269,日本コンクリート工業,ガラス・土石製品,383.0,30.396824,0.46261624,2.088772845953003,2.32,29.259,0.6178861788617886,20785797120.0,38,
6151,日東工器,機械,1730.0,15.09862,0.53073245,2.312138728323699,4.694,2.414,0.45454545454545453,32450973696.0,38,
546A,ＭＩＲＡＩＮＩホールディングス,卸売業,2321.0,,0.91133577,4.136148211977596,,88.275,0.5695159629248198,82353168384.0,38,PER算出不可
4554,富士製薬工業,医薬品,1842.0,18.6475,0.92747194,2.47014115092291,6.138999800000001,55.695,0.3609625668449198,48112599040.0,38,
4202,ダイセル,化学,1418.5,36.6727,0.9848192,4.229820232640113,2.9080000000000004,81.07,0.5609532538955087,362443767808.0,38,
3591,ワコールホールディングス,繊維製品,4244.0,16.213326,0.98668444,2.35626767200754,0.35899999,11.282,0.1687681862269641,209810964480.0,38,利益急減(-88%)
7004,カナデビア,機械,1162.0,17.544918,0.99546903,2.1514629948364887,7.754,68.028,0.4174917491749175,195507126272.0,38,
4023,クレハ,化学,4415.0,,0.9972389,4.847112117780295,-4.833,72.059,0.6487455197132617,168745959424.0,38,赤字(EPS≤0)
6167,冨士ダイス,機械,1048.0,36.13793,1.0145581,3.816793893129771,4.4460002,0.134,0.2903629536921151,20518418432.0,38,
8830,住友不動産,不動産業,3274.0,14.338896,1.1811486,1.3439218081857056,9.356,155.974,0.11016225448334757,3023919906816.0,38,
9432,ＮＴＴ,情報・通信業,159.4,12.640761,1.3165936,3.3249686323713923,10.7130006,168.396,0.6829268292682933,12943759507456.0,38,
8601,大和証券グループ本社,証券、商品先物取引業,1735.0,13.97503,1.3357991,3.688760806916427,10.955,1221.076,0.8029908972691807,2409166798848.0,38,
5857,ＡＲＥホールディングス,非鉄金属,3505.0,12.213394,1.3393009,3.566333808844508,16.078,112.971,0.5547819714181018,301235535872.0,38,
7599,ＩＤＯＭ,卸売業,1259.0,10.608358,1.4088116,2.827640984908658,14.335,124.024,0.47796610169491527,126412701696.0,38,
8591,オリックス,その他金融業,6024.0,10.704195,1.4763831,2.5913014608233733,14.035,130.278,0.7819148936170213,6543244263424.0,38,
8923,トーセイ,不動産業,1767.0,10.596702,1.5415593,2.829654782116582,15.536,158.767,0.6223175965665236,171409768448.0,38,
6333,ＴＥＩＫＯＫＵ,機械,3360.0,12.652508,1.6519963,3.958333333333333,13.291,,0.7879858657243817,51499454464.0,38,利益急減(-32%)
4662,フォーカスシステムズ,情報・通信業,1685.0,10.831834,1.6793121,2.8486646884272995,,13.471,0.250996015936255,24682688512.0,38,
2384,ＳＢＳホールディングス,陸運業,4920.0,9.810764,1.8688025,1.8292682926829267,17.610999999999997,74.625,0.898876404494382,195409444864.0,38,
4403,日油,化学,2706.0,15.33579,2.0737777,2.2542498152254247,13.812,1.465,0.21978639685216414,608131284992.0,38,
1801,大成建設,建設業,12195.0,11.888746,2.130173,2.5420254202542023,,45.852,0.23785143267762507,1987896279040.0,38,
2157,コシダカホールディングス,サービス業,1046.0,15.618934,2.2221751,2.390057361376673,14.513999,36.208,0.24612736660929432,86679928832.0,38,
3844,コムチュア,情報・通信業,1348.0,13.083568,2.2272048,3.746290801186944,,1.036,0.23032629558541268,42992070656.0,38,
4975,ＪＣＵ,化学,5280.0,14.433328,2.317729,1.7992424242424243,17.608999,0.057,0.2785622593068036,129992138752.0,38,
9716,乃村工藝社,サービス業,1214.0,14.83201,2.3232138,3.459637561779242,13.459999999999999,,0.4592274678111588,135473651712.0,38,利益急減(-53%)
3415,ＴＯＫＹＯ　ＢＡＳＥ,小売業,366.0,13.445996,2.5484803,1.639344262295082,22.113000999999997,41.6,0.17073170731707318,15598322688.0,38,利益急減(-38%)
3031,ラクーンホールディングス,情報・通信業,647.0,16.330137,2.8666372,4.1731066460587325,17.950001,65.836,0.47549019607843135,12544379904.0,38,
4568,第一三共,医薬品,2729.0,19.437323,2.9175932,2.8581898131183583,14.812,29.393,0.18959731543624161,4965833637888.0,38,
2410,キャリアデザインセンター,サービス業,2914.0,13.299863,3.0325325,3.431708991077557,24.895999999999997,,0.9240780911062907,15405231104.0,38,
3992,ニーズウェル,情報・通信業,459.0,21.640736,3.5428147,2.6143790849673203,17.257,0.509,0.2813852813852814,17377673216.0,38,
3941,レンゴー,パルプ・紙,1540.0,18.194708,0.74839526,2.5974025974025974,5.7410000000000005,92.044,0.8372607733368052,372796751872.0,37,
7459,メディパルホールディングス,卸売業,2870.5,13.893997,0.90436083,2.2992510015676713,7.292999999999999,,0.6354566385264774,587587452928.0,37,
9042,阪急阪神ホールディングス,陸運業,4637.0,14.036203,0.97298044,2.1565667457407804,7.35,124.309,0.6005852231163131,1085261021184.0,37,
7350,おきなわフィナンシャルグループ,銀行業,7710.0,14.5854225,0.9974478,2.204928664072633,7.669,,0.8796198521647307,164582588416.0,37,
7965,象印マホービン,電気機器,1450.0,15.096304,1.0109222,2.9655172413793105,6.848,1.715,0.28699551569506726,92068200448.0,37,
1934,ユアテック,建設業,2419.0,16.103048,1.0745494,2.9764365440264573,7.7410005,5.805,0.17273576097105509,166153388032.0,37,
8729,ソニーフィナンシャルグループ,保険業,154.8,19.974194,1.1852261,2.4547803617571056,11.8389994,198.612,0.3159851301115242,1038467399680.0,37,
8007,高島,卸売業,795.0,22.132519,1.1856292,5.660377358490567,4.978,61.302,0.4423076923076923,27086870528.0,37,
9341,ＧＥＮＯＶＡ,サービス業,624.0,39.344265,1.7579198,4.807692307692308,9.916,28.757,0.50920245398773,10818931712.0,37,
4931,新日本製薬,化学,2063.0,13.48366,1.8032382,2.5206010664081435,14.199,,0.31044776119402984,43703275520.0,37,
9216,ビーウィズ,サービス業,1660.0,41.150223,2.745408,4.63855421686747,6.473,18.391,0.3979591836734694,23544025088.0,37,
2168,パソナグループ,サービス業,1627.0,,0.47894144,0.921942224953903,-2.429,29.297,0.3136818687430478,60772401152.0,36,赤字(EPS≤0)
3333,あさひ,小売業,1350.0,15.4923115,0.8437099,3.7037037037037033,5.034000000000001,,0.5407725321888412,35156590592.0,36,
4887,サワイグループホールディングス,医薬品,1609.0,16.16923,1.045951,3.418272218769422,,66.966,0.0652537646402677,185816383488.0,36,利益急減(-50%)
5186,ニッタ,ゴム製品,6500.0,13.258812,1.0582591,2.4615384615384617,9.318999999999999,,0.7704918032786885,178315608064.0,36,
4272,日本化薬,化学,2051.5,12.735908,1.0691243,3.2171581769436997,,24.036,0.832541567695962,302173421568.0,36,
8630,ＳＯＭＰＯホールディングス,保険業,6588.0,26.275276,1.1051761,2.2768670309653913,14.430000000000001,17.64,0.722875377897212,5855213780992.0,36,
4526,理研ビタミン,食料品,3280.0,13.776303,1.1289265,3.353658536585366,,8.772,0.976303317535545,95808798720.0,36,
4205,日本ゼオン,化学,2363.5,12.672922,1.1446718,3.215570129045907,,9.338,0.8607924921793535,452245094400.0,36,
8370,紀陽銀行,銀行業,4845.0,14.2562895,1.2584455,2.82765737874097,9.363000000000001,,0.8694571073352673,312082300928.0,36,
8011,三陽商会,繊維製品,5080.0,12.9538965,1.3019652,2.736220472440945,10.845,18.735,0.7896825396825397,49760346112.0,36,
5121,藤倉コンポジット,ゴム製品,2780.0,13.331415,1.3025542,2.7338129496402876,10.9919995,8.551,0.9530516431924883,51026518016.0,36,
6638,ミマキエンジニアリング,電気機器,1851.0,7.9459114,1.3052262,2.7012425715829282,,61.111,0.49142156862745096,53609373696.0,36,
6859,エスペック,電気機器,3855.0,14.247173,1.3622395,2.9831387808041505,10.288,0.771,0.5071164997364259,81026990080.0,36,
7846,パイロットコーポレーション,その他製品,1922.0,14.163596,1.390214,2.133194588969823,10.2,4.341,0.7904085257548845,201828499456.0,36,
9037,ハマキョウレックス,陸運業,1873.0,12.930617,1.3973013,2.229044313934864,11.447000000000001,23.003,0.8071278825995807,138684628992.0,36,
3148,クリエイトＳＤホールディングス,小売業,3395.0,12.913164,1.4212241,2.739322533136966,11.439,0.881,0.648936170212766,219324678144.0,36,
8194,ライフコーポレーション,小売業,2612.0,12.000367,1.4338634,2.507656967840735,12.257,17.682,0.6064908722109533,225984102400.0,36,
6364,ＡＩＲＭＡＮ,機械,2511.0,12.25416,1.4730918,2.867383512544803,14.399999999999999,16.027,0.7695507487520798,67643588608.0,36,
7745,Ａ＆Ｄホロンホールディングス,精密機器,2740.0,12.661152,1.5088189,2.0072992700729926,11.9940005,23.609,0.6102385107620709,75041259520.0,36,利益急減(-46%)
7988,ニフコ,化学,4927.0,13.640265,1.5361419,2.232595900142074,11.878,8.369,0.5942492012779552,458830249984.0,36,
9934,因幡電機産業,卸売業,2929.0,14.210858,1.5843111,2.389894161829976,14.02,0.117,0.8504233301975541,328909586432.0,36,
1812,鹿島建設,建設業,4702.0,12.372707,1.5844032,3.1050616758826033,,58.946,0.14366341713699332,2167394402304.0,36,
6240,ヤマシンフィルタ,機械,523.0,21.234268,1.6510142,3.4416826003824093,7.504000500000001,16.417,0.13756613756613756,36387512320.0,36,
9692,シーイーシー,情報・通信業,2347.0,14.168427,1.7179741,2.982530890498509,13.498001,0.821,0.7606299212598425,71956586496.0,36,
50765,インフロニア・ホールディングス第１回社債型種類株式,建設業,4627.0,,1.776937,2.593473092716663,23.747,88.87,0.27927927927927926,,36,PER算出不可
9267,Ｇｅｎｋｙ　ＤｒｕｇＳｔｏｒｅｓ,小売業,3630.0,14.082868,1.8043776,0.3581267217630854,13.719000000000001,64.589,0.19912472647702406,110639194112.0,36,
8061,西華産業,卸売業,2900.0,14.036107,1.9410717,2.8158620689655174,16.936999999999998,33.822,0.5833333333333334,103589150720.0,36,
6914,オプテックスグループ,電気機器,3230.0,14.908839,2.0026498,2.1362229102167185,13.944999999999999,7.527,0.4714038128249567,115114123264.0,36,
6814,古野電気,電気機器,7590.0,14.333196,2.6122098,2.1080368906455864,21.969,15.265,0.5120481927710844,239910977536.0,36,
3835,ｅＢＡＳＥ,情報・通信業,426.0,18.529797,2.757817,3.568075117370892,14.71,,0.3333333333333333,18720030720.0,36,
9682,ＤＴＳ,情報・通信業,1095.0,15.006166,2.8628125,3.3789954337899544,19.131,,0.33910891089108913,171024220160.0,36,
9759,ＮＳＤ,情報・通信業,2809.0,16.47314,3.1085699,3.4175863296546813,20.256001,,0.33359133126934987,212827389952.0,36,
3040,ソリトンシステムズ,情報・通信業,2388.0,13.963279,3.122389,2.4288107202680065,24.096,0.564,0.8362619808306709,44276838400.0,36,
3837,アドソル日進,情報・通信業,1501.0,17.623577,3.714942,3.1978680879413726,20.111999,,0.34820143884892085,25274996736.0,36,
7201,日産自動車,輸送用機器,316.0,,0.22655155,,-7.651999600000001,172.415,0.1438356164383561,1104856875008.0,35,赤字(EPS≤0) / 低PBR×低ROE(万年割安)
5202,日本板硝子,ガラス・土石製品,483.0,15.763708,0.45543396,,3.2520000000000002,301.381,0.26058631921824105,68732256256.0,35,
9229,サンウェルズ,サービス業,110.0,,0.5559599,,-20.791999999999998,452.189,0.0012738853503184713,3567575808.0,35,赤字(EPS≤0)
7915,ＮＩＳＳＨＡ,その他製品,1253.0,59.383884,0.66605717,1.1971268954509178,3.286,32.336,0.22934232715008432,59409051648.0,35,
7856,萩原工業,その他製品,1869.0,19.478895,0.8301103,3.7453183520599254,4.44,13.646,0.9261363636363636,26332764160.0,35,
7128,ユニソルホールディングス,卸売業,2859.0,36.212795,0.94494,3.5327037425673313,2.6129998000000003,3.111,0.8228571428571428,68794458112.0,35,
4042,東ソー,化学,2596.0,19.592453,0.9501459,3.8520801232665636,,30.38,0.4823032223983096,799283871744.0,35,
2109,ＤＭ三井製糖,食料品,3590.0,28.330177,0.98801225,3.6211699164345403,2.319,30.406,0.9516129032258065,111708618752.0,35,
3950,ザ・パック,パルプ・紙,1480.0,14.685453,1.055014,2.6353378378378376,7.383000000000001,0.507,0.967828418230563,80962584576.0,35,
9532,大阪瓦斯,電気・ガス業,5434.0,13.901964,1.130492,2.208317997791682,7.901,42.406,0.4936432982201235,2062224850944.0,35,
6571,キュービーネットホールディングス,サービス業,1302.0,15.7703495,1.1407744,3.0721966205837172,5.33,104.854,0.39069767441860465,17528231936.0,35,利益急減(-48%)
8133,伊藤忠エネクス,卸売業,2157.0,15.170911,1.3016473,3.05980528511822,11.738,25.175,0.8921348314606742,243555188736.0,35,
6309,巴工業,機械,1957.0,14.194531,1.312622,3.6791006642820645,9.6,,0.5822222222222222,57519099904.0,35,
4933,Ｉ－ｎｅ,化学,1404.0,11.173896,1.3449641,1.0683760683760684,11.4870004,31.697,0.603448275862069,24978604032.0,35,利益急減(-54%)
6652,ＩＤＥＣ,電気機器,3560.0,27.13001,1.4271615,3.651685393258427,11.878,32.889,0.7590011614401858,105518628864.0,35,
3048,ビックカメラ,小売業,1746.5,15.296023,1.6409878,3.492699685084455,11.875,43.249,0.6270053475935828,299092901888.0,35,
3153,八洲電機,卸売業,2751.0,11.447237,1.6474355,1.5630679752817158,16.939999999999998,1.974,0.45145631067961167,58068811776.0,35,
4187,大阪有機化学工業,化学,4530.0,11.771737,1.6957483,1.8322295805739515,15.933,1.92,0.49712208421690396,92127838208.0,35,
4549,栄研化学,医薬品,2294.0,20.473003,1.7386203,2.528334786399302,8.336,13.507,0.1845841784989858,75623022592.0,35,
6379,レイズネクスト,建設業,3025.0,15.607264,1.8496042,3.8677685950413223,12.654000000000002,6.148,0.9525691699604744,163371302912.0,35,
4290,プレステージ・インターナショナル,サービス業,725.0,15.478224,1.8544286,3.5862068965517238,13.586001,14.588,0.7612903225806451,90432708608.0,35,
4826,ＣＩＪ,情報・通信業,528.0,16.530994,2.0011294,3.4090909090909087,12.224,3.247,0.4797297297297297,29478496256.0,35,
6013,タクマ,機械,3090.0,16.699093,2.0263197,3.0097087378640777,14.181,0.209,0.5747342088805504,224157106176.0,35,
4674,クレスコ,情報・通信業,2018.0,15.538616,2.4235437,3.1714568880079286,16.781001,3.856,0.9752906976744186,80807534592.0,35,
3433,トーカロ,金属製品,2785.0,16.473442,2.4796066,3.052064631956912,15.739,16.579,0.560832791151594,165620318208.0,35,
8739,スパークス・グループ,証券、商品先物取引業,2491.0,15.427969,2.5110633,3.613006824568447,20.828,24.675,0.9553172475424486,98441175040.0,35,
4765,ＳＢＩグローバルアセットマネジメント,サービス業,608.0,21.491692,2.6000128,3.741776315789474,17.344,0.206,0.47107438016528924,83943579648.0,35,
9381,エーアイテイー,倉庫・運輸関連業,2348.0,17.356594,2.735309,4.258943781942079,15.918,,0.8267857142857142,55162953728.0,35,
2914,日本たばこ産業,食料品,6914.0,20.607433,2.7936978,3.847266415967602,13.971,42.66,0.8815276695245519,12274822545408.0,35,
6539,ＭＳ－Ｊａｐａｎ,サービス業,1003.0,24.098991,2.9134703,5.583250249252243,12.321,,0.5363128491620112,24927567872.0,35,
4714,リソー教育グループ,サービス業,206.0,21.752903,3.3745043,4.854368932038835,18.011999,,0.4523809523809524,35082133504.0,35,
9769,学究社,サービス業,2603.0,15.296469,3.4622326,3.9569727237802534,26.185000000000002,14.835,0.6771217712177122,28289916928.0,35,
9744,メイテックグループホールディングス,サービス業,3320.0,17.016043,5.8096194,5.903614457831325,34.870000000000005,,0.4800783801436969,256326287360.0,35,
3864,三菱製紙,パルプ・紙,1156.0,26.642084,0.4895882,1.2975778546712802,5.795,66.44,0.8823529411764706,50642255872.0,34,
6178,日本郵政,サービス業,2307.0,17.878178,0.64550316,2.167316861725184,5.12,,0.7973856209150327,6474173513728.0,34,
4092,日本化学工業,化学,5300.0,16.003382,0.8235013,2.2641509433962264,5.045,25.787,0.7293156281920327,45986779136.0,34,
5482,愛知製鋼,鉄鋼,3125.0,18.314482,0.8483247,2.2079999999999997,5.441,27.275,0.6138613861386139,200771256320.0,34,
2108,日本甜菜製糖,食料品,5490.0,13.35604,0.8614319,1.4571948998178506,6.959,0.005,0.9827882960413081,64593297408.0,34,
3708,特種東海製紙,パルプ・紙,2115.0,17.00024,0.8735738,2.5375886524822695,5.4510000000000005,28.566,0.8967611419626605,73703800832.0,34,
4045,東亞合成,化学,1825.0,14.98604,0.8790677,1.7808219178082192,6.1079998,9.306,0.7887323943661971,192914997248.0,34,
6140,旭ダイヤモンド工業,機械,1179.0,28.78418,0.88625824,2.5445292620865136,3.769,6.899,0.41901776384535006,56752934912.0,34,
5232,住友大阪セメント,ガラス・土石製品,5532.0,15.812943,0.89930093,2.1691973969631237,6.181,44.56,0.6601104209799862,175316074496.0,34,
6302,住友重機械工業,機械,5447.0,16.088253,0.92173916,2.478428492748302,6.068,38.419,0.7028255927249106,646021840896.0,34,
6770,アルプスアルパイン,電気機器,2117.0,15.717573,0.9288172,2.9286726499763818,6.243,22.353,0.6318572372769332,413121708032.0,34,
9948,アークス,小売業,3655.0,15.797891,0.9939858,2.243502051983584,6.576,13.686,0.6363636363636364,194739683328.0,34,
9303,住友倉庫,倉庫・運輸関連業,4125.0,17.878815,0.9956434,2.4969696969696966,7.165000000000001,22.787,0.8704453441295547,312293752832.0,34,
6306,日工,機械,1018.0,15.454682,1.0597433,3.9292730844793713,7.9050004,21.229,0.9463087248322147,39228604416.0,34,
3191,ジョイフル本田,小売業,2275.0,15.223501,1.0844907,3.6923076923076925,7.253,7.782,0.4837476099426386,137122160640.0,34,利益急減(-38%)
8137,サンワテクノス,卸売業,3955.0,18.62228,1.0919297,3.0847029077117574,7.527,16.579,0.8401162790697675,61809131520.0,34,
9107,川崎汽船,海運業,3157.0,15.001188,1.099887,3.801076971808679,7.5649999999999995,12.975,0.9563786008230453,1891054911488.0,34,
8008,ヨンドシーホールディングス,小売業,2139.0,25.647482,1.1445352,3.880317905563347,5.4510000000000005,41.338,0.8574144486692015,45934555136.0,34,
6141,ＤＭＧ森精機,機械,3008.0,61.702564,1.2503705,3.490691489361702,2.7090001999999997,34.802,0.4188340807174888,424429322240.0,34,
3382,セブン＆アイ・ホールディングス,小売業,2030.0,17.08179,1.272102,2.4630541871921183,8.0469996,104.359,0.3613861386138614,4602129285120.0,34,
6363,酉島製作所,機械,3085.0,13.752674,1.3164543,2.0421393841166937,13.062000000000001,53.402,0.6981339187705817,81186627584.0,34,売上減(-16%)
2301,学情,サービス業,1675.0,12.956374,1.5272396,4.2388059701492535,,,0.38235294117647056,22192852992.0,34,
3539,ＪＭホールディングス,小売業,1473.0,12.250499,1.566738,1.6293279022403258,13.194999,17.991,0.4460093896713615,75060830208.0,34,
8002,丸紅,卸売業,4796.0,14.539502,1.7486559,2.397831526271893,14.209,57.643,0.501626545217957,7802684702720.0,34,
2503,キリンホールディングス,食料品,2998.5,12.324291,1.7544209,2.501250625312656,15.143,50.194,0.8452380952380952,2389478211584.0,34,
4617,中国塗料,化学,3495.0,15.778781,1.7918786,2.775393419170243,15.097,15.466,0.31285788651743884,173545324544.0,34,
429A,テクセンドフォトマスク,その他製品,3570.0,14.328142,1.9983912,1.5686274509803921,16.573999999999998,0.708,0.3432607865597556,354700427264.0,34,
2760,東京エレクトロン　デバイス,卸売業,3925.0,14.768964,2.1659987,2.7261146496815285,18.176001,61.683,0.5944584382871536,115589210112.0,34,
3659,ネクソン,情報・通信業,2992.5,17.519466,2.179718,2.0050125313283207,12.519,4.546,0.3797332185886403,2330790985728.0,34,
3788,ＧＭＯグローバルサイン・ホールディングス,情報・通信業,2048.0,23.389677,2.2723818,2.77880859375,11.0740006,27.853,0.3164005805515239,23490031616.0,34,利益急減(-32%)
3626,ＴＩＳＩ,情報・通信業,3741.0,18.271063,2.6854763,2.1384656508954825,15.434000000000001,20.591,0.33851984839417515,789310341120.0,34,
1942,関電工,建設業,5288.0,16.953064,2.7300992,2.344931921331316,16.861999,2.919,0.41691275167785236,1052385804288.0,34,
4323,日本システム技術,情報・通信業,1880.0,17.717463,2.8965054,2.393617021276596,16.036,0.316,0.3159163987138264,46471532544.0,34,利益急減(-65%)
3968,セグエグループ,情報・通信業,615.0,16.536703,2.9352386,2.6016260162601625,36.394999999999996,16.051,0.4049079754601227,22353389568.0,34,
3110,日東紡績,ガラス・土石製品,2996.0,13.0533285,3.0768757,0.8477970627503337,28.395,26.786,0.3518987341772152,545348681728.0,34,
7818,トランザクション,その他製品,1192.0,16.062525,3.0865955,2.390939597315436,21.136,3.888,0.4421768707482993,67399479296.0,34,
3983,オロ,情報・通信業,2121.0,17.63972,3.261381,2.3573785950023574,21.570998,7.524,0.30243024302430244,32277807104.0,34,
3863,日本製紙,パルプ・紙,1353.0,13.30776,0.302784,1.1086474501108647,2.2110000000000003,153.81,0.5472027972027972,156012412928.0,33,低PBR×低ROE(万年割安)
9319,中央倉庫,倉庫・運輸関連業,1818.0,16.040234,0.6382694,2.0902090209020905,4.111,15.568,0.5443169968717414,32318775296.0,33,
7952,河合楽器製作所,その他製品,3470.0,26.109858,0.64893574,2.7377521613832854,2.7,25.064,0.8338485316846986,29850394624.0,33,
3405,クラレ,化学,1815.0,66.875465,0.7236205,2.975206611570248,0.8160000000000001,41.476,0.5430962343096234,546853814272.0,33,
2664,カワチ薬品,小売業,3800.0,26.532606,0.73908734,2.1052631578947367,2.851,14.38,0.9155555555555556,84870144000.0,33,
4061,デンカ,化学,3306.0,18.150873,0.919955,3.0248033877797944,2.616,70.616,0.45054509415262634,284976250880.0,33,
4025,多木化学,化学,5830.0,13.014264,1.0345484,1.0291595197255576,8.677,2.506,0.8274647887323944,48665161728.0,33,
2587,サントリービバレッジ＆フード,食料品,4547.0,15.676067,1.0374812,2.6391027050802727,7.988,5.037,0.3420849420849421,1405021454336.0,33,
8012,長瀬産業,卸売業,1202.5,15.235019,1.0974348,2.079002079002079,9.6470006,46.863,0.8065116279069767,490418634752.0,33,
2282,日本ハム,食料品,6325.0,17.515923,1.1128136,2.5296442687747036,6.7379996,45.995,0.41537640149492794,587278516224.0,33,
9869,加藤産業,卸売業,6540.0,13.487317,1.143847,1.0703363914373087,9.995,7.942,0.6351351351351351,197391007744.0,33,
4275,カーリット,化学,2001.0,15.336859,1.1642046,2.0989505247376314,7.32,12.863,0.40446379967338053,44130324480.0,33,利益急減(-76%)
9678,カナモト,サービス業,5350.0,14.542786,1.1998632,1.9626168224299065,8.604000000000001,38.927,0.8565022421524664,182061121536.0,33,
6340,澁谷工業,機械,5070.0,13.724587,1.2413975,1.9723865877712032,9.0059996,2.341,0.7729941291585127,140267995136.0,33,
2753,あみやき亭,小売業,1394.0,22.520193,1.2743406,2.4390243902439024,5.8909997,7.034,0.3895705521472393,28640802816.0,33,
2325,ＮＪＳ,サービス業,4630.0,14.133089,1.4279889,1.187904967602592,10.4370005,,0.14343434343434344,44092010496.0,33,
3395,サンマルクホールディングス,小売業,2451.0,19.579805,1.6858071,2.1215830273357814,8.126,62.658,0.17790055248618786,52543557632.0,33,利益急減(-44%)
9143,ＳＧホールディングス,陸運業,1587.5,16.169281,1.7401417,3.338582677165354,11.4870004,71.869,0.6591591591591591,947320848384.0,33,
3548,バロックジャパンリミテッド,小売業,729.0,71.75197,1.958756,5.212620027434842,-0.336,59.666,0.16037735849056603,26299496448.0,33,利益急減(-86%)
3963,シンクロ・フード,情報・通信業,343.0,35.766422,2.2063553,4.373177842565598,,81.934,0.14376321353065538,9618608128.0,33,利益急減(-87%)
3179,シュッピン,小売業,1233.0,15.707006,2.5520024,3.2441200324412,15.135000000000002,75.71,0.5891647855530474,26163036160.0,33,利益急減(-99%)
1419,タマホーム,建設業,2950.0,70.43935,2.8823032,4.23728813559322,3.823,50.827,0.17485955056179775,85515067392.0,33,
3922,ＰＲ　ＴＩＭＥＳ,情報・通信業,2119.0,12.130059,3.0030797,0.6512505899008967,28.761998,,0.10810810810810811,28658489344.0,33,
2326,デジタルアーツ,情報・通信業,4440.0,17.89673,3.2613485,2.027027027027027,20.365,,0.20085470085470086,59604910080.0,33,
5889,Ｊａｐａｎ　Ｅｙｅｗｅａｒ　Ｈｏｌｄｉｎｇｓ,小売業,2531.0,16.395674,3.3492258,3.3188463058079813,23.638001,88.637,0.8807453416149068,61250654208.0,33,
9722,藤田観光,サービス業,2441.0,11.450954,3.3988266,0.5735354362965998,34.99,53.518,0.6435733819507748,146309398528.0,33,
4337,ぴあ,サービス業,2722.0,12.575071,3.8867004,1.2858192505510653,36.878,147.093,0.27479338842975204,41774231552.0,33,
2353,日本駐車場開発,不動産業,265.0,17.365662,4.1929717,3.018867924528302,26.674998,94.504,0.4507042253521127,82585370624.0,33,
3854,アイル,情報・通信業,2404.0,15.2848425,4.799591,2.579034941763727,37.422,,0.2927835051546392,60099489792.0,33,
8174,日本瓦斯,小売業,2895.5,21.20158,4.800121,3.5572439993092733,22.860001,76.563,0.4882186616399623,308483129344.0,33,
4519,中外製薬,医薬品,6885.0,24.056602,5.586683,2.0043572984749454,23.493,,0.18795232013622817,11329798668288.0,33,
4784,ＧＭＯインターネット,サービス業,548.0,24.562977,10.825974,2.5729927007299267,43.221,131.784,0.0996309963099631,166727385088.0,33,
3154,メディアスホールディングス,卸売業,815.0,19.226233,0.8739459,2.4539877300613497,4.5809999999999995,88.647,0.39473684210526316,18123366400.0,32,
7071,アンビスホールディングス,サービス業,419.0,14.271117,1.083502,0.9546539379474941,7.8469999999999995,101.139,0.28169014084507044,41105887232.0,32,利益急減(-40%)
7157,ライフネット生命保険,保険業,1429.0,14.264324,1.2125336,,7.8940003999999995,,0.000846740050804403,114806317056.0,32,
9020,東日本旅客鉄道,陸運業,3400.0,15.505997,1.2539476,2.176470588235294,7.9479999999999995,162.617,0.1621900826446281,3838833065984.0,32,
4528,小野薬品工業,医薬品,2460.0,16.579054,1.3335602,3.2520325203252036,9.26,13.418,0.8011126564673157,1155971940352.0,32,
4109,ステラ　ケミファ,化学,5340.0,20.647257,1.3654642,3.1835205992509366,7.184,10.983,0.34441805225653205,65180463104.0,32,
8151,東陽テクニカ,卸売業,2023.0,17.361826,1.5017858,3.4107760751359364,9.46,5.488,0.6953352769679301,43706769408.0,32,
8031,三井物産,卸売業,4779.0,16.427197,1.5085208,2.929483155471856,11.378,63.652,0.4410377358490566,13544586215424.0,32,
8613,丸三証券,証券、商品先物取引業,1230.0,16.287077,1.585452,3.2520325203252036,9.9750005,1.749,0.984472049689441,81561935872.0,32,
2676,高千穂交易,卸売業,2057.0,,2.2889023,3.6947010209042292,9.488000000000001,4.98,0.5626911314984709,38423801856.0,32,赤字(EPS≤0)
3543,コメダホールディングス,卸売業,2923.0,,2.6425226,2.0526855969893942,13.854,82.508,0.449820788530466,133026324480.0,32,赤字(EPS≤0)
5233,太平洋セメント,ガラス・土石製品,4060.0,17.819523,0.66577756,2.4630541871921183,4.19,73.659,0.46682325308279504,442390511616.0,31,
4968,荒川化学工業,化学,2287.0,20.603603,0.6987275,2.1862702229995628,2.368,65.372,0.7636252296387018,45371170816.0,31,
3608,ＴＳＩホールディングス,繊維製品,1249.0,20.64804,0.75647634,2.00160128102482,3.6679998,52.009,0.5166666666666667,71155982336.0,31,
9075,福山通運,陸運業,6310.0,17.073896,0.78254724,1.2044374009508716,5.506,39.053,0.7844474761255116,222252810240.0,31,
8278,フジ,小売業,2054.0,21.770006,0.7903849,1.4605647517039921,3.205,16.975,0.41898148148148145,177971740672.0,31,利益急減(-94%)
6277,ホソカワミクロン,機械,5010.0,24.212255,1.022694,2.4950099800399204,3.437,1.747,0.1358574610244989,73467265024.0,31,利益急減(-41%)
6807,日本航空電子工業,電気機器,2275.0,21.674925,1.0644914,2.6373626373626373,4.723999999999999,27.756,0.11637347767253045,153399263232.0,31,利益急減(-61%)
9064,ヤマトホールディングス,陸運業,1921.0,46.35618,1.0838288,2.3945861530452888,2.331,36.069,0.2571756601607348,608335691776.0,31,
9009,京成電鉄,陸運業,1303.0,13.0889,1.1167687,1.6116653875671527,9.4160005,71.229,0.645933014354067,628357726208.0,31,
25935,伊藤園第１種優先株式,食料品,1788.0,59.382263,1.1691746,2.684563758389262,2.125,36.886,0.2064516129032258,206031814656.0,31,
7173,東京きらぼしフィナンシャルグループ,銀行業,1701.0,13.265227,1.2318374,1.249265138154027,11.545999,,0.7974566473988439,486920028160.0,31,
7947,エフピコ,化学,2743.0,14.926266,1.3529611,2.6613197229310974,9.427000000000001,51.573,0.8169934640522876,221844996096.0,31,
7447,ナガイレーベン,卸売業,1781.0,21.499277,1.3538836,3.3688938798427848,6.368,,0.25137362637362637,52650586112.0,31,
7984,コクヨ,その他製品,858.8,16.49635,1.4197412,2.94014904517932,8.604000000000001,1.413,0.44295302013422805,361601630208.0,31,
8358,スルガ銀行,銀行業,2829.0,14.241128,1.4914695,2.1208907741251326,13.71,,0.8850432632880099,478441340928.0,31,
2294,柿安本店,食料品,2595.0,30.626696,1.6039934,3.275529865125241,5.3100000000000005,,0.21996879875195008,24868081664.0,31,
1982,日比谷総合設備,建設業,2872.0,14.39599,1.6419338,2.6114206128133706,12.591,,0.5698245614035088,118513197056.0,31,
7868,広済堂ホールディングス,その他製品,558.0,17.399439,1.6707838,2.3906810035842296,9.471,29.889,0.4314868804664723,82518286336.0,31,
8053,住友商事,卸売業,1678.0,13.466014,1.6792578,2.3837902264600714,13.605,101.995,0.7183359830418654,7951784869888.0,31,
9746,ＴＫＣ,情報・通信業,4010.0,14.904294,1.796913,2.6184538653366585,13.196,,0.5645161290322581,196502355968.0,31,
3371,ソフトクリエイトホールディングス,情報・通信業,2118.0,13.011427,2.0578392,2.927289896128423,17.124,,0.6428571428571429,53824712704.0,31,
7944,ローランド,その他製品,3850.0,68.153656,2.3395452,4.415584415584416,3.519,45.175,0.4271186440677966,101671952384.0,31,
6269,三井海洋開発,機械,9817.0,9.5735445,2.5551822,0.010807782418254048,,25.077,0.31381709741550695,670935547904.0,31,
7199,プレミアグループ,その他金融業,2089.0,13.317608,3.1594503,2.584968884633796,29.326999999999998,324.243,0.6201550387596899,80889274368.0,31,
5946,長府製作所,金属製品,2055.0,23.045868,0.49986815,1.119221411192214,2.214,0.021,0.5582010582010583,69872992256.0,30,
9401,ＴＢＳホールディングス,情報・通信業,5869.0,17.717201,0.5625131,1.4312489350826376,3.711,4.924,0.5139771283354511,903007502336.0,30,
2502,アサヒグループホールディングス,食料品,1655.0,15.046823,0.80607927,1.570996978851964,5.574,52.869,0.39589442815249265,2420706115584.0,30,
6412,平和,機械,2187.0,18.471283,0.853911,3.6579789666209424,4.5700002,237.865,0.8323809523809523,215697096704.0,30,
4183,三井化学,化学,2083.0,22.707947,0.88669914,1.800288046087374,8.045,82.395,0.46725185685347737,753082040320.0,30,
5702,大紀アルミニウム工業所,非鉄金属,1794.0,19.604414,0.9053788,3.0657748049052396,,111.859,0.7224975222993062,70992658432.0,30,
1941,中電工,建設業,5020.0,14.677505,1.0506189,2.689243027888446,7.7649995999999994,,0.6482412060301508,265771368448.0,30,
2884,ヨシムラ・フード・ホールディングス,食料品,659.0,17.13023,1.2064316,,8.802999999999999,176.104,0.17943548387096775,15733285888.0,30,
7433,伯東,卸売業,5060.0,19.004694,1.3776197,3.9525691699604746,8.738,81.61,0.7885714285714286,95261532160.0,30,
8227,しまむら,小売業,3341.0,16.500395,1.4081782,2.1450763244537563,9.329,,0.027160791887976824,693652291584.0,30,
2461,ファンコミュニケーションズ,サービス業,395.0,32.166126,1.5953473,7.468354430379747,4.817,,0.08875739644970414,25934051328.0,30,配当過大(減配リスク)
4433,ヒト・コミュニケーションズ・ホールディングス,サービス業,907.0,34.526073,1.6075547,0.8269018743109152,16.949,35.844,0.2618384401114206,16183056384.0,30,
4613,関西ペイント,化学,2854.5,19.248146,1.6835822,3.8535645472061653,9.264,63.93,0.727062896710906,506932625408.0,30,
2929,ファーマフーズ,食料品,601.0,,1.7311403,4.159733777038269,4.232,170.693,0.15970961887477314,17455069184.0,30,赤字(EPS≤0)
3349,コスモス薬品,小売業,6437.0,15.924497,1.7983174,1.2738853503184715,11.843,27.662,0.20078163165608207,510179016704.0,30,
3662,エイチームホールディングス,情報・通信業,983.0,30.584942,2.0730917,3.6622583926754833,4.0549997,19.359,0.2413793103448276,18270152704.0,30,利益急減(-76%)
2471,エスプール,サービス業,291.0,17.27003,2.339736,3.436426116838488,13.953,267.354,0.5111111111111111,22728161280.0,30,
9936,王将フードサービス,小売業,2880.0,20.461811,2.3571317,1.9444444444444444,10.147,3.895,0.2087667161961367,151290036224.0,30,利益急減(-52%)
3853,アステリア,情報・通信業,1121.0,23.271748,2.4427502,0.8028545941123997,31.483,6.398,0.11352525801195003,19041243136.0,30,
5631,日本製鋼所,機械,7829.0,29.913649,2.6957018,1.1751181504662154,10.228,39.917,0.2890983188996434,576298745856.0,30,
6481,ＴＨＫ,機械,6894.0,31.63111,2.7994177,3.1766753698868584,8.189,50.658,0.6988623689493643,772636803072.0,30,
7956,ピジョン,その他製品,2099.0,27.416407,2.9345808,3.620771796093378,11.1990005,,0.9140893470790378,250730479616.0,30,
4751,サイバーエージェント,サービス業,1272.5,15.848798,3.0874832,1.3359528487229864,20.28,32.514,0.10770440251572327,645283577856.0,30,
3193,エターナルホスピタリティグループ,小売業,1465.0,16.700867,3.1191783,1.5699658703071673,21.293,21.685,0.272869429241595,33801312256.0,30,
3038,神戸物産,卸売業,2787.5,18.207054,3.5878763,0.9327354260089685,21.661,16.583,0.1384497705252422,618298540032.0,30,
3649,ファインデックス,情報・通信業,850.0,16.976233,3.6727693,3.176470588235294,20.19,,0.4523809523809524,20747765760.0,30,
9434,ソフトバンク,情報・通信業,232.4,20.602837,3.8182235,3.7005163511187606,16.712,159.994,0.6578366445916116,11116556058624.0,30,
8876,リログループ,サービス業,2128.5,16.310345,4.125328,3.241719520789288,29.438,100.666,0.8796216680997421,322901803008.0,30,
6368,オルガノ,機械,13120.0,21.232523,4.2518935,1.524390243902439,21.583,26.333,0.26246719160104987,603288436736.0,30,
3843,フリービット,情報・通信業,1743.0,11.599121,4.2670283,1.7211703958691909,27.855999999999998,156.088,0.9321663019693655,38036295680.0,30,
6184,鎌倉新書,サービス業,590.0,28.766455,4.3033023,3.389830508474576,16.489,,0.5748031496062992,24305033216.0,30,
6544,ジャパンエレベーターサービスホールディングス,サービス業,1525.0,37.26784,11.976189,1.377049180327869,36.242999999999995,25.618,0.15816326530612246,272614981632.0,30,
8345,岩手銀行,銀行業,2336.0,18.101511,0.80984575,2.2260273972602738,5.218,,0.8754325259515571,161260060672.0,29,
8566,リコーリース,その他金融業,6600.0,15.870727,0.84364593,2.803030303030303,5.303,462.294,0.7867647058823529,203441307648.0,29,
5832,ちゅうぎんフィナンシャルグループ,銀行業,3380.0,15.18214,0.89233786,2.6627218934911245,7.051,,0.8548895899053628,600849842176.0,29,
8304,あおぞら銀行,銀行業,3342.0,18.03367,0.9263119,2.8126870137642133,6.564,,0.8890164561806353,462469529600.0,29,
9902,日伝,卸売業,3000.0,17.308025,0.9264312,2.3333333333333335,6.3549999999999995,,0.7522026431718062,88614985728.0,29,
9044,ＮＡＮＫＡＩ,陸運業,2961.0,13.006237,0.93121785,1.6886187098953058,7.57,131.234,0.5287128712871287,320379256832.0,29,
8336,武蔵野銀行,銀行業,2680.0,17.241379,0.9477319,2.1141791044776115,5.801,,0.8867807842119702,260078223360.0,29,
8367,南都銀行,銀行業,1875.0,17.252483,0.96315455,2.2933333333333334,6.1,,0.8820798514391829,294491652096.0,29,
8359,八十二長野銀行,銀行業,2556.0,18.109678,0.9679277,2.1517996870109544,6.514,,0.8398997134670487,1163254038528.0,29,
5844,京都フィナンシャルグループ,銀行業,4824.0,14.230509,0.98409957,1.658374792703151,7.9479999999999995,,0.853258523953388,1359146385408.0,29,
7198,ＳＢＩアルヒ,その他金融業,827.0,20.379496,1.0453154,,15.203,362.904,0.32786885245901637,36762062848.0,29,
5262,日本ヒューム,ガラス・土石製品,1124.0,15.524861,1.0604805,1.8683274021352312,7.7219999999999995,1.814,0.08044627128596595,57257054208.0,29,
3765,ガンホー・オンライン・エンターテイメント,情報・通信業,2438.0,53.807106,1.1034325,3.6915504511894994,4.170999999999999,,0.3969562460367787,127670460416.0,29,
9007,小田急電鉄,陸運業,1704.5,15.744504,1.1476902,3.226752713405691,7.117,133.921,0.5,583916978176.0,29,
6850,チノー,電気機器,1625.0,13.495557,1.1605501,2.6153846153846154,,15.405,0.6072555205047319,26709925888.0,29,
4082,第一稀元素化学工業,化学,1927.0,18.555609,1.1947201,1.4530358069538143,8.967,51.267,0.335750738651625,46541512704.0,29,
9621,建設技術研究所,サービス業,3170.0,13.199533,1.2731624,2.365930599369085,,1.827,0.599802371541502,86558425088.0,29,
9627,アインホールディングス,小売業,6041.0,12.138565,1.3354928,1.655355073663301,11.459,107.987,0.3701067615658363,212340670464.0,29,
6849,日本光電工業,電気機器,1483.5,16.625574,1.339356,2.1570610043815304,7.6770000000000005,13.738,0.2853333333333333,237319061504.0,29,
7272,ヤマハ発動機,輸送用機器,1874.0,8.391922,1.4536338,1.8676627534685166,7.716000000000001,79.639,0.8815513626834381,1819148288000.0,29,
6728,アルバック,電気機器,7450.0,21.46541,1.5203048,2.0402684563758386,7.804,19.525,0.28763682038399424,366344765440.0,29,
3498,霞ヶ関キャピタル,不動産業,7700.0,12.68701,2.5179708,1.5584415584415585,20.135,130.708,0.40782122905027934,,29,
5838,楽天銀行,銀行業,6018.0,14.389556,2.6680734,,20.007999,,0.33688442211055275,1050204372992.0,29,
4825,ウェザーニューズ,情報・通信業,2053.0,23.938898,3.8194993,2.1919142717973696,16.771,,0.37886178861788616,91181711360.0,29,
3661,エムアップホールディングス,情報・通信業,824.0,19.689367,6.789549,2.4271844660194173,33.45,,0.325678496868476,57568325632.0,29,
8558,東和銀行,銀行業,1462.0,,0.6076639,2.3939808481532148,-32.924,,0.7941176470588235,51808210944.0,28,赤字(EPS≤0)
2908,フジッコ,食料品,1607.0,31.986464,0.6624862,2.8624766645924082,2.2689999999999997,,0.6551724137931034,45756620800.0,28,
6820,アイコム,電気機器,3505.0,18.880629,0.6817733,2.1398002853067046,4.413,,0.9043570669500531,50304638976.0,28,
9048,名古屋鉄道,陸運業,1869.0,17.964245,0.75570786,2.140181915462814,4.9439996,133.827,0.6727688787185355,366567489536.0,28,
5423,東京製鐵,鉄鋼,1703.0,15.133742,0.7987651,2.9359953024075165,4.5500003,,0.5813953488372093,173018234880.0,28,利益急減(-49%)
5563,新日本電工,鉄鋼,445.0,,0.81217426,2.584269662921348,-2.448,21.642,0.5598455598455598,55570558976.0,28,赤字(EPS≤0)
4212,積水樹脂,化学,2756.0,21.115538,0.82541215,2.6124818577648767,4.9000002,12.567,0.6825112107623318,82869428224.0,28,
7600,日本エム・ディ・エム,精密機器,807.0,80.61938,0.8573796,2.1065675340768277,-0.8880001000000001,26.712,0.6464285714285715,21267304448.0,28,
4027,テイカ,化学,2317.0,,0.85937387,2.589555459646094,-0.5930000000000001,18.293,0.8563789152024446,52248313856.0,28,赤字(EPS≤0)
4218,ニチバン,化学,1951.0,24.041897,0.895919,2.0502306509482313,3.8110003000000003,2.275,0.7172995780590717,39372951552.0,28,
4951,エステー,化学,1525.0,19.710482,0.946375,2.8852459016393444,4.101,1.531,0.4782608695652174,31826581504.0,28,
7327,第四北越フィナンシャルグループ,銀行業,2427.0,15.101735,1.0671486,2.595797280593325,8.621999599999999,,0.8769113149847095,636955918336.0,28,
9041,近鉄グループホールディングス,陸運業,3529.0,12.475254,1.0799487,1.7001983564749221,9.847,191.228,0.7920585161964472,671033458688.0,28,
8341,七十七銀行,銀行業,3694.0,15.255008,1.0882163,2.8153762858689766,9.386,,0.8771929824561403,824125030400.0,28,
7337,ひろぎんホールディングス,銀行業,2280.0,15.634643,1.1210685,2.543859649122807,8.190999999999999,,0.8806040585181689,675225010176.0,28,
8381,山陰合同銀行,銀行業,2544.0,16.965656,1.1729718,2.358490566037736,8.111,,0.8910120311394196,379843411968.0,28,
3002,グンゼ,繊維製品,4175.0,266.09305,1.2125856,3.520958083832335,4.2290002,17.669,0.5163934426229508,130865192960.0,28,
8354,ふくおかフィナンシャルグループ,銀行業,7459.0,16.509151,1.2526051,2.4131921169057513,8.7139994,,0.8774262164318001,1409610416128.0,28,
9605,東映,情報・通信業,6020.0,16.086794,1.2738366,0.19933554817275745,10.115,5.729,0.6689655172413793,376171331584.0,28,
5108,ブリヂストン,ゴム製品,4011.0,20.34182,1.3201679,2.9294440289204684,11.2670004,23.44,0.685078318219291,4970909794304.0,28,
6258,平田機工,機械,3425.0,17.235306,1.3398098,2.0437956204379564,10.309,27.253,0.7348484848484849,104892923904.0,28,
9347,日本管財ホールディングス,サービス業,2851.0,14.544434,1.3514173,1.999298491757278,10.644,6.598,0.5325670498084292,103551025152.0,28,
6448,ブラザー工業,電気機器,4509.0,18.203472,1.3898761,2.217786648924373,12.3900004,0.099,0.8838490885968631,1115195179008.0,28,
7715,長野計器,精密機器,3790.0,13.270773,1.46425,1.3720316622691293,12.203,25.951,0.629564606741573,70390882304.0,28,
92025,ＡＮＡホールディングス第１回社債型種類株式,空運業,4790.0,,1.4945173,1.3569937369519833,13.206000000000001,84.724,0.23076923076923078,,28,PER算出不可
1951,エクシオグループ,建設業,2541.5,16.827784,1.5058725,2.6755852842809364,10.306,34.938,0.46532091097308487,516127916032.0,28,
1721,コムシスホールディングス,建設業,5192.0,16.778154,1.5062217,2.5038520801232664,10.163,0.687,0.6100267891312667,595959218176.0,28,
3167,ＴＯＫＡＩホールディングス,卸売業,1241.0,15.053371,1.5486618,2.9008863819500403,11.331,45.948,0.9306569343065694,159960088576.0,28,
6788,日本トリム,電気機器,4915.0,18.237476,1.5726107,2.644964394710071,10.005,3.968,0.7679324894514767,36550348800.0,28,
9304,澁澤倉庫,倉庫・運輸関連業,2004.0,17.945734,1.5825046,2.7944111776447107,11.038998999999999,45.142,0.8696461824953445,111057944576.0,28,
1515,日鉄鉱業,鉱業,3325.0,18.6473,1.6293077,2.147368421052632,11.096,41.877,0.5920431557653405,257611431936.0,28,
7979,松風,精密機器,2345.0,17.11304,1.6355847,2.345415778251599,13.174,2.573,0.90625,83456958464.0,28,
7921,ＴＡＫＡＲＡ　＆　ＣＯＭＰＡＮＹ,その他製品,4160.0,15.878469,1.6559691,2.8846153846153846,10.727999,0.255,0.6843936381709742,53695995904.0,28,
6301,小松製作所,機械,6807.0,16.458328,1.7262485,2.791244307330689,11.619,46.667,0.6469583048530417,6048557563904.0,28,
7821,前田工繊,その他製品,1980.0,13.897662,1.740156,1.5151515151515151,13.236,4.61,0.5047438330170778,132038352896.0,28,
4220,リケンテクノス,化学,2634.0,17.146206,1.8133191,2.050113895216401,14.124,15.119,0.8398860398860399,123511799808.0,28,
6744,能美防災,電気機器,4215.0,18.170452,1.8362253,2.752075919335706,10.836001000000001,0.013,0.5030864197530864,248107057152.0,28,
9302,三井倉庫ホールディングス,倉庫・運輸関連業,3317.0,22.351753,1.8372477,1.4772384684956286,10.531,55.977,0.1484126984126984,248125816832.0,28,
8060,キヤノンマーケティングジャパン,卸売業,3534.0,16.702902,1.8694407,2.5466893039049237,11.553001,0.786,0.6470078057241977,727643979776.0,28,
2871,ニチレイ,食料品,2152.0,19.74312,1.8724474,2.184014869888476,10.27,49.471,0.6855072463768116,539328315392.0,28,
9702,アイ・エス・ビー,情報・通信業,2441.0,16.864723,1.8799411,2.2531749283080704,11.590999,0.805,0.8604427333974976,28018647040.0,28,
2685,アンドエスティＨＤ,小売業,3445.0,16.721678,1.9100115,2.6124818577648767,11.171000000000001,7.176,0.8217636022514071,158911627264.0,28,
7995,バルカー,化学,6340.0,21.753302,1.9924638,2.365930599369085,13.522,25.23,0.5464320625610948,111799992320.0,28,
3132,マクニカホールディングス,卸売業,3285.0,21.09691,2.0455909,2.13089802130898,12.818999999999999,33.573,0.67610710607621,586579640320.0,28,
5334,日本特殊陶業,ガラス・土石製品,8891.0,15.581571,2.04817,2.305702395681026,24.791999,28.507,0.6043333333333333,1730633662464.0,28,
6284,日精エー・エス・ビー機械,機械,8630.0,15.182703,2.0936825,2.317497103128621,14.654,7.684,0.617169373549884,129372831744.0,28,
75505,ゼンショーホールディングス第１回社債型種類株式,小売業,4949.0,,2.184261,1.5154576682158012,17.907,91.263,0.08166666666666667,,28,PER算出不可
7609,ダイトロン,卸売業,4270.0,15.1682,2.2886753,2.693208430913349,16.59,0.891,0.7796901893287436,90025033728.0,28,
4390,ＩＰＳ,情報・通信業,3885.0,12.304038,2.4865384,1.0296010296010296,22.249001,47.502,0.7267939433838051,50862141440.0,28,
2327,日鉄ソリューションズ,情報・通信業,3790.0,22.496586,2.5096147,2.242744063324538,11.681999999999999,8.353,0.4525316455696203,693499527168.0,28,
4368,扶桑化学工業,化学,3145.0,23.227476,2.7050295,2.6073131955484894,15.665000000000001,12.926,0.4663461435835797,332729614336.0,28,
7730,マニー,精密機器,1580.0,27.748508,2.7188783,2.5316455696202533,10.975,0.098,0.4780793319415449,155634106368.0,28,
4718,早稲田アカデミー,サービス業,2403.0,17.839643,2.808516,2.2888056595921764,17.578,3.26,0.4666666666666667,44390494208.0,28,
4452,花王,化学,3483.0,21.233921,2.8150208,2.2250933103646284,12.318999999999999,20.635,0.6685144124168514,3151272083456.0,28,
6099,エラン,サービス業,754.0,14.519546,2.9714873,1.989389920424403,22.042,4.636,0.45454545454545453,45604532224.0,28,
6845,アズビル,電気機器,1485.0,19.598787,2.9836771,2.154882154882155,16.804,8.777,0.46962391513982643,743984922624.0,28,
1961,三機工業,建設業,2358.0,46.17192,3.0375714,2.75657336726039,23.706,5.375,0.47045233764975314,360225177600.0,28,
4768,大塚商会,情報・通信業,3425.0,19.4172,3.1386054,2.9197080291970803,16.991,1.431,0.8367816091954023,1298764005376.0,28,
7839,ＳＨＯＥＩ,その他製品,2040.0,16.609673,3.218219,2.941176470588235,22.014,1.483,0.9243856332703214,,28,
5384,フジミインコーポレーテッド,ガラス・土石製品,3715.0,30.435852,3.2373629,2.0188425302826376,13.062000000000001,19.731,0.5528455284552846,275590807552.0,28,
4847,インテリジェント　ウェイブ,情報・通信業,1281.0,22.548847,3.3322928,2.888368462138954,15.219,0.062,0.8976190476190476,33541775360.0,28,
3762,テクマトリックス,情報・通信業,2322.0,18.084112,3.5537896,2.239448751076658,18.747999,14.843,0.8153846153846154,93309911040.0,28,
4021,日産化学,化学,7762.0,21.07521,4.124463,2.6024220561710902,21.78,17.367,0.7540983606557377,1035437080576.0,28,
9889,ＪＢＣＣホールディングス,情報・通信業,1680.0,19.464722,4.1410522,2.5,22.338,7.716,0.8587479935794543,102330548224.0,28,
8848,レオパレス２１,不動産業,630.0,15.042979,4.1565228,1.5873015873015872,28.447,60.941,0.15165876777251186,200178089984.0,28,
7013,ＩＨＩ,機械,2773.0,18.271067,4.220225,0.721240533717995,33.44,67.304,0.2602656679958572,2939829092352.0,28,
4732,ユー・エス・エス,サービス業,1972.0,22.297602,4.7914085,2.7738336713995944,22.409001,1.111,0.6860236220472441,895367905280.0,28,
8086,ニプロ,精密機器,1560.0,21.256302,0.9009056,1.858974358974359,5.1939998,193.497,0.4422809457579972,254429413376.0,27,
2791,大黒天物産,小売業,4630.0,17.45523,1.0164547,0.8423326133909287,5.8969997,59.009,0.15890083632019117,62095212544.0,27,利益急減(-53%)
6282,オイレス工業,機械,2863.0,16.670547,1.040455,2.9689137268599373,6.348,1.745,0.8707627118644068,82291081216.0,27,
6287,サトー,機械,2756.0,17.589993,1.0486691,2.7576197387518144,7.537000000000001,25.779,0.7837235228539576,89472458752.0,27,
8084,ＲＹＯＤＥＮ,卸売業,4670.0,19.129936,1.0547358,2.955032119914347,6.229,2.155,0.8891752577319587,100553203712.0,27,
2002,日清製粉グループ本社,食料品,2029.5,17.911041,1.1001627,2.9563932002956395,6.0960002,16.757,0.6438356164383562,567477272576.0,27,
4182,三菱瓦斯化学,化学,3832.0,,1.1223605,2.6096033402922756,-3.37,31.299,0.4220739842328684,747326996480.0,27,赤字(EPS≤0)
7912,大日本印刷,その他製品,3243.0,13.77304,1.1356112,1.2334258402713536,6.9180004,18.92,0.875961045617632,1391826436096.0,27,利益急減(-46%)
7951,ヤマハ,その他製品,1282.0,24.344854,1.1436106,2.02808112324493,6.837999999999999,4.743,0.6802387550628864,563947896832.0,27,
6103,オークマ,機械,4950.0,23.81296,1.1542472,2.0202020202020203,6.465,9.472,0.689161554192229,288192692224.0,27,
8051,山善,卸売業,1881.0,18.849585,1.1601737,2.8708133971291865,7.256,34.992,0.8472440944881889,164386193408.0,27,
8282,ケーズホールディングス,小売業,1913.0,20.968979,1.1876632,2.4046001045478307,7.513,23.315,0.621550591327201,295578533888.0,27,
3391,ツルハホールディングス,小売業,2385.5,16.563671,1.233556,2.083420666526934,,22.553,0.44972826086956524,1080850907136.0,27,利益急減(-35%)
6289,技研製作所,機械,1937.0,28.983988,1.2555648,2.5296850800206503,6.385000000000001,1.423,0.4702928870292887,49134022656.0,27,
6298,ワイエイシイホールディングス,機械,1280.0,17.657608,1.3390774,3.125,8.866,124.42,0.6119402985074627,22464110592.0,27,
8005,スクロール,小売業,1868.0,23.1274,1.6469743,3.1584582441113493,8.415000000000001,,0.9443127962085308,63500738560.0,27,
9412,スカパーＪＳＡＴ,情報・通信業,2220.0,26.981041,2.0549314,1.891891891891892,8.826,8.492,0.26943308007013445,629345419264.0,27,
9519,レノバ,電気・ガス業,901.0,24.65791,0.61399907,,2.172,168.911,0.3635204081632653,81445896192.0,26,利益急減(-89%)
3880,大王製紙,パルプ・紙,964.0,17.951582,0.649918,1.4522821576763485,4.205,164.53,0.3503480278422274,148671381504.0,26,
8361,大垣共立銀行,銀行業,7880.0,16.925854,0.7744112,1.7766497461928936,5.629,,0.9052044609665427,323736436736.0,26,
3401,帝人,繊維製品,1726.5,,0.8022997,2.8960324355632783,-9.887,77.463,0.8431214802896219,333069320192.0,26,赤字(EPS≤0)
4188,三菱ケミカルグループ,化学,1132.0,,0.8444062,2.8268551236749118,1.418,73.776,0.719305763874009,1538034630656.0,26,赤字(EPS≤0)
2922,なとり,食料品,1993.0,18.662796,0.89314926,1.2042147516307076,7.195,13.068,0.7474226804123711,25076828160.0,26,
6999,ＫＯＡ,電気機器,2214.0,20.816095,0.9034983,1.4453477868112015,6.106,47.48,0.5135259055479138,82221973504.0,26,
2207,ｍｅｉｔｏ,食料品,3625.0,19.77956,0.9054491,1.5172413793103448,5.0970003,28.465,0.9256837098692033,59094134784.0,26,
4502,武田薬品工業,医薬品,5769.0,,1.2062541,3.4668053388802216,-2.262,73.245,0.8632832729155878,9211659419648.0,26,赤字(EPS≤0)
6674,ジーエス・ユアサ　コーポレーション,電気機器,5159.0,16.428368,1.3141817,1.7445241325838339,11.978,30.93,0.4249737670514166,517547491328.0,26,
6961,エンプラス,電気機器,10010.0,17.198425,1.4060584,0.8991008991008992,11.219999999999999,2.217,0.38756715272448194,90407436288.0,26,
1518,三井松島ホールディングス,その他製品,2248.0,15.152332,1.453013,2.8469750889679712,11.572000000000001,89.07,0.8669527896995708,83238854656.0,26,
6143,ソディック,機械,1716.0,13.347854,1.4640315,0.5827505827505828,13.653,75.594,0.6771714066102997,85680971776.0,26,
4544,Ｈ．Ｕ．グループホールディングス,サービス業,3577.0,29.481579,1.4696801,3.49454850433324,7.112,44.764,0.5507183282542447,195289792512.0,26,
3034,クオールホールディングス,小売業,2551.0,12.93086,1.6127248,1.9600156801254411,17.169999999999998,62.252,0.893223819301848,95860375552.0,26,
8058,三菱商事,卸売業,4648.0,22.159714,1.7668724,2.3666092943201376,10.077,62.621,0.5178508306822198,17018645381120.0,26,
4046,大阪ソーダ,化学,1958.0,15.799241,1.8207009,1.4300306435137897,13.996,5.903,0.40310880829015544,236597755904.0,26,
3088,マツキヨココカラ＆カンパニー,小売業,2521.0,18.032904,1.8467402,1.9833399444664817,11.1,0.282,0.3152909336941813,991558500352.0,26,
4927,ポーラ・オルビスホールディングス,化学,1399.5,27.259447,1.91443,3.7156127188281527,6.984999999999999,0.02,0.826302729528536,309685878784.0,26,
8001,伊藤忠商事,卸売業,1977.0,15.441693,2.0418892,2.225594334850784,14.093,72.922,0.5399137802883901,13819057274880.0,26,
9433,ＫＤＤＩ,情報・通信業,2840.5,15.478721,2.1093302,2.816405562400986,14.585999999999999,93.799,0.6551936078672403,10501468717056.0,26,
3915,テラスカイ,情報・通信業,2229.0,18.3035,2.2988956,0.7178106774338268,13.475999,1.34,0.33093201260693383,28773885952.0,26,
3676,デジタルハーツホールディングス,情報・通信業,1060.0,20.018885,2.3960433,2.358490566037736,11.391,57.665,1.0,23636731904.0,26,
6758,ソニーグループ,電気機器,3689.0,19.804585,2.588463,0.6776904310111141,13.159999,21.318,0.37276399307559144,21594690813952.0,26,
6701,日本電気,電気機器,4662.0,22.994968,2.7677774,0.8151008151008152,14.16,25.493,0.4080370942812983,6183415971840.0,26,
4369,トリケミカル研究所,化学,3135.0,18.467249,2.7712977,1.1164274322169059,18.105,16.22,0.34,101877317632.0,26,
8715,アニコム　ホールディングス,保険業,1120.0,37.685062,2.803294,0.8035714285714285,13.954,34.526,0.38413361169102295,81559764992.0,26,
471A,ＮＳグループ,その他金融業,1591.0,11.312572,3.01783,2.1998742928975488,,97.466,0.6038095238095238,80868941824.0,26,
6702,富士通,電気機器,3607.0,20.652735,3.074366,1.386193512614361,16.201999999999998,6.507,0.3577481840193705,6243813949440.0,26,利益急減(-76%)
6254,野村マイクロ・サイエンス,機械,3500.0,35.569103,3.482483,2.314285714285714,9.7770005,145.616,0.32930918846411805,134367739904.0,26,利益急減(-50%) / 売上減(-26%)
5706,三井金属,非鉄金属,27505.0,17.231659,3.819032,0.8907471368842028,30.622,27.79,0.3876371453487193,1573760794624.0,26,
4626,太陽ホールディングス,化学,4754.0,28.85059,4.188144,1.7353807320151453,23.756,42.48,0.4397790055248619,529009344512.0,26,
7011,三菱重工業,機械,4097.0,58.59554,4.341726,0.61020258725897,14.746,26.356,0.38414634146341464,13766778421248.0,26,
6387,サムコ,機械,9050.0,41.830368,4.962776,0.8287292817679558,15.32,7.106,0.44428772919605075,72692678656.0,26,
8919,カチタス,不動産業,3600.0,22.604548,5.2626576,2.2222222222222223,26.601999999999997,66.311,0.8424068767908309,281741688832.0,26,
3687,フィックスターズ,情報・通信業,2078.0,39.06015,7.376616,0.8662175168431183,19.495001000000002,0.322,0.3562300319488818,67126169600.0,26,
4776,サイボウズ,情報・通信業,2923.0,17.552393,7.569656,1.3684570646595962,48.25,0.165,0.4407775768535262,132597817344.0,26,
4971,メック,化学,6980.0,20.69988,9.17348,0.14326647564469913,12.784,8.569,0.4363324028344428,127453184000.0,26,
285A,キオクシアホールディングス,電気機器,49950.0,49.379177,11.385061,,87.10800400000001,34.845,0.43171526897301216,27334763610112.0,26,
8364,清水銀行,銀行業,3055.0,17.227768,0.42777678,1.9639934533551555,3.0940002,,0.8409090909090909,34578792448.0,25,
3315,日本コークス工業,石油・石炭製品,100.0,,0.85516864,,-19.358,200.062,0.208955223880597,29102274560.0,25,赤字(EPS≤0) / 売上減(-17%)
5074,テスホールディングス,建設業,610.0,20.265781,0.8687763,0.8393442622950821,2.0680001,190.571,0.26936619718309857,43086172160.0,25,
5301,東海カーボン,ガラス・土石製品,1735.0,19.498762,1.0920191,2.0172910662824206,6.844,60.975,0.8046948356807512,370433228800.0,25,
2730,エディオン,小売業,2507.0,17.174763,1.1052364,1.9146390107698443,8.602,24.884,0.7632552404438965,265089449984.0,25,
8708,アイザワ証券グループ,証券、商品先物取引業,1724.0,19.49344,1.1233487,2.726218097447796,7.39,50.108,0.9367588932806324,53767979008.0,25,
2811,カゴメ,食料品,2660.5,18.192696,1.2470365,1.8041721480924637,7.195,30.977,0.32526621490803487,240531931136.0,25,
6586,マキタ,機械,5081.0,16.93949,1.3006401,2.9521747687463096,8.596,1.697,0.46342710997442454,1309149233152.0,25,
4985,アース製薬,化学,4835.0,22.808756,1.3080146,2.481902792140641,5.96,13.32,0.3380281690140845,105979256832.0,25,
8795,Ｔ＆Ｄホールディングス,保険業,4738.0,16.95352,1.3583148,2.743773744195863,9.340999,13.856,0.7798994974874371,2257379393536.0,25,
4401,ＡＤＥＫＡ,化学,4511.0,16.240055,1.3649095,2.4828197738860562,9.681,12.725,0.6842385516506923,437458632704.0,25,
2267,ヤクルト本社,食料品,2870.0,19.03057,1.3731703,2.2996515679442506,8.218,17.337,0.7228464419475655,823218864128.0,25,
1979,大氣社,建設業,3930.0,16.040161,1.4186804,2.7989821882951653,9.6219994,1.983,0.5058014611087237,247588077568.0,25,
3360,シップヘルスケアホールディングス,卸売業,2380.0,16.49799,1.485616,2.5210084033613445,9.2259996,17.914,0.49056603773584906,217090818048.0,25,
4552,ＪＣＲファーマ,医薬品,528.0,29.579832,1.4909527,3.787878787878788,1.9040000000000001,123.635,0.22105263157894736,64424886272.0,25,
8802,三菱地所,不動産業,3614.0,19.873522,1.5983908,1.2728278915329274,10.7,129.755,0.21290605794556627,4339286933504.0,25,
2897,日清食品ホールディングス,食料品,2945.0,18.85162,1.6073064,2.3769100169779285,9.625,34.874,0.5054413542926239,843972476928.0,25,
7596,魚力,小売業,2347.0,25.136553,1.7228445,2.2155943757988923,7.405,0.099,0.418018018018018,32758161408.0,25,
2229,カルビー,食料品,3037.0,21.691309,1.7793595,2.173197234112611,8.454,16.774,0.6808905380333952,369262329856.0,25,
7383,ネットプロテクションズホールディングス,その他金融業,411.0,23.580034,1.8894727,,8.924,53.692,0.14126984126984127,40895733760.0,25,
8113,ユニ・チャーム,化学,980.4,26.3124,2.078713,2.039983680130559,8.294,1.469,0.4609681639773221,1687072669696.0,25,
6806,ヒロセ電機,電気機器,25160.0,25.337107,2.1696544,2.007154213036566,8.823,1.776,0.5574387947269304,823307796480.0,25,
2980,ＳＲＥホールディングス,不動産業,2379.0,20.949278,2.330799,0.7566204287515763,19.584,170.032,0.053952991452991456,38332723200.0,25,
3984,ユーザーローカル,情報・通信業,1556.0,15.176046,2.5911267,1.5424164524421593,18.019,,0.24263839811542992,24321677312.0,25,利益急減(-33%)
92015,日本航空株式会社第１回社債型種類株式,空運業,10220.0,,3.035116,0.9393346379647749,9.0670004,55.55,0.3,,25,PER算出不可 / 利益急減(-80%)
6787,メイコー,電気機器,17230.0,22.717384,3.115379,0.6674405107370864,15.284,107.323,0.25146666666666667,442237452288.0,25,
9424,日本通信,情報・通信業,116.0,25.38293,4.1883307,,12.985,119.151,0.18666666666666668,19453110272.0,25,利益急減(-35%)
4071,プラスアルファ・コンサルティング,情報・通信業,2210.0,23.601025,5.4314165,1.3122171945701357,27.717000000000002,,0.2526115859449193,93708754944.0,25,
277A,グロービング,サービス業,1725.0,17.820248,6.1143975,0.9333333333333335,43.862,,0.1030989272943981,49046061056.0,25,
6768,タムラ製作所,電気機器,773.0,,0.9448803,1.6817593790426906,2.2049999000000002,57.075,0.44984802431610943,61513068544.0,24,赤字(EPS≤0)
8081,カナデン,卸売業,2440.0,13.707865,1.062989,2.9508196721311477,,,0.5777777777777777,54401409024.0,24,
8179,ロイヤルホールディングス,小売業,1300.0,21.790144,2.2799976,1.3461538461538463,11.201999,82.781,0.31351351351351353,128095969280.0,24,
6526,ソシオネクスト,電気機器,1895.0,38.30604,2.5862823,2.638522427440633,5.9959996,,0.11944827586206896,332172918784.0,24,
9418,Ｕ－ＮＥＸＴ　ＨＯＬＤＩＮＧＳ,情報・通信業,1744.0,16.700182,2.9417024,0.974770642201835,16.728,80.974,0.3498542274052478,314573848576.0,24,
268A,リガク・ホールディングス,精密機器,1763.0,44.141212,4.47696,1.0720363017583663,10.712000000000002,75.035,0.37014236244709503,399313338368.0,24,
3697,ＳＨＩＦＴ,情報・通信業,909.7,28.339565,6.0447593,0.9013960646366934,17.231001000000003,89.776,0.3093372036768264,232523972608.0,24,
6078,バリューＨＲ,サービス業,1565.0,66.42615,6.312953,0.8306709265175719,11.0419996,80.647,0.42214532871972316,41814458368.0,24,
8343,秋田銀行,銀行業,8510.0,19.667206,0.8066767,2.056404230317274,4.9850002,,0.8823529411764706,151459037184.0,23,
4676,フジ・メディア・ホールディングス,情報・通信業,4163.0,126.68898,1.0996747,3.0026423252462164,2.3629998999999997,117.067,0.774721189591078,593209196544.0,23,
4689,ＬＩＮＥヤフー,情報・通信業,494.2,17.757816,1.1281586,1.4771347632537435,8.315999999999999,61.313,0.8681909885675859,3391360860160.0,23,
3156,レスター,卸売業,4705.0,17.190983,1.3508753,2.720510095642933,13.452,130.8,0.7281015955714751,132293910528.0,23,
6376,日機装,精密機器,3390.0,13.138007,1.3542503,1.1799410029498525,9.738,69.412,0.6371737746658179,221547298816.0,23,
4088,エア・ウォーター,化学,2495.0,14.29226,1.4655995,3.006012024048096,-13.986,125.475,0.6310442909386428,572013412352.0,23,
7637,白銅,卸売業,3595.0,18.978989,1.557901,2.39221140472879,11.625,,0.7441253263707572,40773300224.0,23,
6238,フリュー,機械,1370.0,17.618313,1.5609014,2.9197080291970803,10.119,,0.8551401869158879,36286836736.0,23,
3657,ポールトゥウィンホールディングス,情報・通信業,358.0,,1.5720302,4.4692737430167595,-27.616000000000003,94.33,0.7333333333333333,12658968576.0,23,赤字(EPS≤0)
8334,群馬銀行,銀行業,2649.0,17.10467,1.5854528,2.3405058512646284,10.296,,0.8594260806393026,1002645553152.0,23,
7734,理研計器,精密機器,3145.0,14.478409,1.636203,1.7488076311605723,,2.265,0.23414634146341465,142958444544.0,23,
4462,石原ケミカル,化学,3050.0,14.028793,1.6416472,1.4426229508196722,14.091000000000001,,0.5895522388059702,41708761088.0,23,
4849,エン,サービス業,1528.0,23.449968,1.6693689,2.1400523560209423,17.236,,0.5979381443298969,57730121728.0,23,
3445,ＲＳ　Ｔｅｃｈｎｏｌｏｇｉｅｓ,金属製品,5630.0,15.511778,1.7657322,0.7992895204262878,8.759,8.056,0.4333958724202627,149737783296.0,23,
6367,ダイキン工業,機械,20705.0,22.035503,1.9257288,1.6421154310553008,9.603,39.478,0.3979002624671916,5762949578752.0,23,
4536,参天製薬,医薬品,1880.5,16.523153,2.0115635,2.0207391651156605,13.425,,0.5307788944723618,604932997120.0,23,
6745,ホーチキ,電気機器,1907.0,15.175871,2.0955007,2.097535395909806,15.351,,0.6240601503759399,142272069632.0,23,
3182,オイシックス,小売業,1721.0,13.201902,2.1848476,1.1621150493898895,13.889000000000001,131.852,0.7095709570957096,59775225856.0,23,
6315,ＴＯＷＡ,機械,2258.0,36.871326,2.2432172,0.8857395925597875,9.986,27.262,0.3009938476100331,169421504512.0,23,
6947,図研,電気機器,4845.0,19.138851,2.4867768,2.063983488132095,15.009,,0.545045045045045,102112034816.0,23,
9602,東宝,情報・通信業,1535.0,25.114529,2.5475867,1.4332247557003257,9.71,0.296,0.42208588957055215,1276891627520.0,23,
7552,ハピネット,卸売業,3480.0,15.314879,2.549288,2.658045977011494,16.299,,0.868995633187773,150727802880.0,23,
368A,北里,精密機器,1475.0,15.151515,2.969151,2.7796610169491522,22.333999,,0.5925925925925926,59000000512.0,23,
3475,グッドコムアセット,不動産業,1554.0,23.03929,3.1803205,2.8957528957528957,13.654,269.985,0.6166883963494133,44610396160.0,23,
8771,イー・ギャランティ,その他金融業,1851.0,23.986006,4.190409,2.1609940572663424,16.171,,0.873589164785553,82348523520.0,23,
4980,デクセリアルズ,化学,2853.5,17.836605,4.290184,2.032591554231645,,18.22,0.2858646616541353,477990191104.0,23,
3964,オークネット,情報・通信業,1440.0,18.556702,4.4091845,2.5347222222222223,25.863000000000003,,0.7560637560637561,130637725696.0,23,
2170,リンクアンドモチベーション,サービス業,687.0,46.138348,5.9638004,2.387190684133915,13.524,114.142,0.9336283185840708,72369520640.0,23,
4958,長谷川香料,化学,3350.0,18.691069,1.0073167,2.5970149253731343,6.164,,0.9789915966386554,135983906816.0,22,
8522,名古屋銀行,銀行業,6750.0,16.38111,1.0544007,2.5185185185185186,7.297,,0.915352697797903,332079235072.0,22,
6523,ＰＨＣホールディングス,電気機器,1406.0,360.51282,1.0555247,2.987197724039829,5.878,136.087,0.8888888888888888,177880645632.0,22,
9006,京浜急行電鉄,陸運業,1539.0,15.104525,1.0852741,2.9889538661468484,7.074,141.312,0.5177570093457944,405536473088.0,22,
8714,池田泉州ホールディングス,銀行業,1056.0,17.002092,1.1701156,2.367424242424242,7.965999999999999,,0.8554913294797688,294037716992.0,22,
8524,北洋銀行,銀行業,1267.0,18.618662,1.201047,2.3283346487766376,7.0310004,,0.87701317715959,474006355968.0,22,
7182,ゆうちょ銀行,銀行業,3173.0,21.593847,1.2236395,2.3321777497636305,6.572,,0.8383167220376523,11302181273600.0,22,
7180,九州フィナンシャルグループ,銀行業,1491.0,17.024435,0.8299005,1.8108651911468814,5.1459998,,0.839731643682445,628851474432.0,21,売上減(-21%)
8386,百十四銀行,銀行業,2940.0,17.693789,0.8549688,1.9897959183673468,5.574,,0.8681592039800995,332480446464.0,21,
7380,十六フィナンシャルグループ,銀行業,2505.0,16.33731,0.8579711,1.9161676646706587,6.1,,0.889225181598063,443648376832.0,21,
8541,愛媛銀行,銀行業,3190.0,17.281544,0.8612018,1.3793103448275863,5.095000000000001,,0.9303370786516854,124651798528.0,21,
7322,三十三フィナンシャルグループ,銀行業,1982.0,16.708818,0.88440967,1.8163471241170535,5.38,,0.8824216468756083,206249803776.0,21,
8344,山形銀行,銀行業,4455.0,21.441978,0.8869601,1.8855218855218854,5.054,,0.8993184634448576,138267328512.0,21,
8337,千葉興業銀行,銀行業,2643.0,25.078281,0.8927169,0.37835792659856227,5.034000000000001,,0.8432888264230499,151896702976.0,21,
7989,立川ブラインド工業,金属製品,2643.0,16.20677,0.92104495,1.8917896329928112,5.874,,0.9342672413793104,53127065600.0,21,
8362,福井銀行,銀行業,6630.0,18.249382,0.9678324,1.6289592760180998,7.478,,0.8865784499054821,156840148992.0,21,
8544,京葉銀行,銀行業,2677.0,20.335764,0.9739298,1.5689204333208817,5.6129999999999995,,0.835195530726257,311905484800.0,21,
8173,Ｊｏｓｈｉｎ,小売業,4130.0,32.609554,1.0030127,2.4213075060532687,4.9060002,31.51,0.8951612903225806,106883063808.0,21,
7731,ニコン,精密機器,1930.0,,1.0715334,2.072538860103627,-15.223,36.892,0.5252837977296182,635774369792.0,21,赤字(EPS≤0) / 利益急減(-86%)
7276,小糸製作所,電気機器,2620.0,43.485477,1.1005273,2.1374045801526718,3.805,0.238,0.615258855585831,674622865408.0,21,
6724,セイコーエプソン,電気機器,2987.0,52.708668,1.1061307,2.4774020756611987,2.97,31.203,0.7796725784447476,957117693952.0,21,
4922,コーセーホールディングス,化学,5758.0,23.975683,1.1488719,2.4313997915943037,4.7059998,3.541,0.5333333333333333,326769082368.0,21,
2433,博報堂ＤＹホールディングス,サービス業,1289.0,28.003477,1.2056059,2.482544608223429,4.452,31.327,0.7311703360370799,462792294400.0,21,
2659,サンエー,小売業,3330.0,19.273064,1.3633008,3.003003003003003,7.747999999999999,,0.8182883939038686,200842625024.0,21,
7717,ブイ・テクノロジー,精密機器,5430.0,22.284237,1.3799419,1.4732965009208103,9.561,51.93,0.35871472931011206,51349016576.0,21,
4819,デジタルガレージ,情報・通信業,2311.0,83.97529,1.4596484,2.033751622674167,1.687,80.516,0.27723214285714287,106565181440.0,21,
2206,江崎グリコ,食料品,5135.0,51.55105,1.5633606,1.2658227848101267,5.448,13.73,0.2803738317757009,314820231168.0,21,
4047,関東電化工業,化学,2380.0,36.0224,1.7936301,0.8403361344537815,9.019,53.656,0.4318181818181818,136502394880.0,21,
6988,日東電工,化学,3359.0,17.04211,1.9449306,1.7862459065197975,12.546,,0.401940109658372,2222058635264.0,21,
4686,ジャストシステム,情報・通信業,3970.0,16.884995,2.0886898,0.6801007556675063,13.364999999999998,,0.32019704433497537,254968414208.0,21,
3993,ＰＫＳＨＡ　Ｔｅｃｈｎｏｌｏｇｙ,情報・通信業,3015.0,38.329517,2.6190743,0.33167495854063017,7.162,21.13,0.2614475627769572,93152985088.0,21,
4483,ＪＭＤＣ,情報・通信業,3400.0,33.199883,2.6788611,0.5294117647058824,8.642,61.328,0.3994575745834948,222506172416.0,21,
9684,スクウェア・エニックス・ホールディングス,情報・通信業,2888.5,35.131355,2.9398146,1.488661935260516,11.137999599999999,,0.39870283959204816,1041811243008.0,21,
6954,ファナック,電気機器,6063.0,33.96829,2.9895566,1.7662873165099786,10.049,,0.416044776119403,5657734938624.0,21,
7611,ハイデイ日高,小売業,2944.0,22.524866,4.194742,1.766304347826087,20.668,,0.3379501385041551,105992888320.0,21,
2585,ライフドリンク　カンパニー,食料品,1601.0,24.140532,5.0506167,0.8744534665833853,22.563,138.315,0.32149712092130517,83074580480.0,21,
4343,イオンファンタジー,サービス業,2855.0,20.23101,7.176234,0.5253940455341506,46.038000000000004,591.25,0.33276059564719357,56476958720.0,21,
4587,ペプチドリーム,医薬品,1027.0,,7.746968,,7.79,32.312,0.13222234404122357,132039057408.0,21,赤字(EPS≤0)
6146,ディスコ,機械,59760.0,47.923016,11.134278,0.8450468540829986,27.376,,0.41345093715545755,6482031542272.0,21,
7384,プロクレアホールディングス,銀行業,4530.0,33.980946,0.753599,1.1037527593818985,2.4419999000000003,,0.8746268656716418,128267804672.0,20,
8141,新光商事,卸売業,1566.0,40.465115,0.8353907,1.181353767560664,2.1540000999999998,8.322,0.7515078407720145,44709142528.0,20,
7962,キングジム,その他製品,808.0,22.805532,0.86736786,1.8564356435643563,3.979,23.298,0.5,22753406976.0,20,
6997,日本ケミコン,電気機器,2750.0,40.029114,1.1617042,0.7272727272727273,6.013,120.76,0.31813676907829536,75324702720.0,20,
7545,西松屋チェーン,小売業,1992.0,17.236307,1.195753,1.6064257028112447,7.21,,0.30916030534351147,118975815680.0,20,
8377,ほくほくフィナンシャルグループ,銀行業,7962.0,16.479355,1.2647539,1.3815624215021352,9.722,,0.8614537862972101,950679044096.0,20,
6135,牧野フライス製作所,機械,15170.0,16.903637,1.3228678,1.7798286090969018,10.319999600000001,19.934,0.7830342577487766,354851422208.0,20,
5831,しずおかフィナンシャルグループ,銀行業,3400.0,20.286396,1.4113951,2.3529411764705883,8.1999995,,0.8739884393063584,1804911640576.0,20,
4151,協和キリン,医薬品,2589.5,16.665594,1.4798919,2.587372079552037,9.2530005,,0.5983810709838107,1355827249152.0,20,
4523,エーザイ,医薬品,4837.0,35.389233,1.5040333,3.3078354351870995,4.9629997,29.077,0.6968620485494376,1365175566336.0,20,
8316,三井住友フィナンシャルグループ,銀行業,6568.0,15.944457,1.5495423,2.3903775883069427,8.569,,0.7959905660377359,25037220347904.0,20,
6136,オーエスジー,機械,3632.0,16.587503,1.557016,1.9548458149779735,11.033,21.644,0.7343820224719101,298448781312.0,20,
6617,東光高岳,電気機器,7140.0,17.358326,1.5998236,1.680672268907563,17.129,2.467,0.7101203593829463,112814759936.0,20,
9069,センコーグループホールディングス,陸運業,2317.0,20.479053,1.6768894,2.157962883038412,8.8999994,143.165,0.9100219458668617,387908927488.0,20,
8766,東京海上ホールディングス,保険業,7241.0,25.919962,1.678338,3.010633890346637,,9.282,0.6126893939393939,13756226600960.0,20,利益急減(-43%)
8022,美津濃,その他製品,3980.0,16.606167,1.6986711,1.507537688442211,11.745,12.697,0.7484276729559748,302710489088.0,20,
8306,三菱ＵＦＪフィナンシャル・グループ,銀行業,3495.0,16.462553,1.7330052,2.4606580829756792,9.458999,,0.8038247995064774,39412670922752.0,20,
417A,ブルーゾーンホールディングス,小売業,1830.0,15.782665,1.8241318,1.7486338797814207,12.517,39.189,0.7041847041847041,372560134144.0,20,
4578,大塚ホールディングス,医薬品,12055.0,15.693549,1.9549954,1.4102032351721276,13.420999,5.873,0.8560311284046692,6333617668096.0,20,
7701,島津製作所,精密機器,3981.0,19.006016,1.9999487,1.7332328560663148,12.335,1.812,0.5147569444444444,1150270701568.0,20,
7762,シチズン時計,精密機器,2545.0,19.976452,2.0845737,1.8467583497053044,10.868,21.51,0.8085758039816233,620963495936.0,20,
4527,ロート製薬,医薬品,2805.0,19.322174,2.0999768,1.6399286987522281,10.908,17.689,0.8378571428571429,633829851136.0,20,
6952,カシオ計算機,電気機器,2280.0,28.5,2.1424584,1.9736842105263157,10.542,17.974,0.8210957882966828,500015038464.0,20,
3660,アイスタイル,情報・通信業,514.0,17.087767,2.1751919,0.19455252918287938,14.852999,25.988,0.4818181818181818,51415007232.0,20,
4326,インテージホールディングス,情報・通信業,1943.0,43.61392,2.1829033,1.5440041173443129,11.282,10.198,0.6941649899396378,74242670592.0,20,
3104,富士紡ホールディングス,繊維製品,3415.0,20.52407,2.1933248,1.7569546120058566,11.725,0.37,0.5245579567779961,115145908224.0,20,
4543,テルモ,精密機器,2472.0,26.860807,2.1939828,1.2135922330097086,10.854,26.357,0.6359088382434686,3646450827264.0,20,
6723,ルネサスエレクトロニクス,電気機器,3462.0,18.596905,2.2201943,0.8087810514153668,13.953,41.096,0.49772570640937286,6326767845376.0,20,
2930,北の達人コーポレーション,化学,125.0,25.050102,2.2567658,2.8000000000000003,5.825,,0.3170731707317073,17430396928.0,20,
6237,イワキポンプ,機械,4280.0,19.621326,2.2577376,1.7990654205607477,13.340999,8.806,0.528683005655804,94944714752.0,20,
4099,四国化成ホールディングス,化学,2505.0,19.066828,2.3101547,0.5988023952095809,11.875,26.025,0.5316549426138467,216678596608.0,20,
6407,ＣＫＤ,機械,5610.0,27.58926,2.3365176,1.4438502673796791,11.288,20.716,0.544312280113922,374944432128.0,20,
3180,ビューティガレージ,卸売業,1570.0,21.545218,2.3528812,1.019108280254777,11.9049996,34.662,0.6069469835466179,19695980544.0,20,
4681,リゾートトラスト,サービス業,1830.0,18.57868,2.385633,1.8579234972677594,14.783,23.894,0.4953464322647363,388599939072.0,20,
6951,日本電子,電気機器,6939.0,16.029846,2.399953,1.9022913964548205,11.2959996,10.14,0.5195020746887967,337937891328.0,20,売上減(-39%)
5802,住友電気工業,非鉄金属,2210.0,18.64035,2.4319575,1.742081447963801,15.776000000000002,25.197,0.4542813039135567,6894491533312.0,20,
7740,タムロン,精密機器,1362.0,19.80515,2.4583197,1.9273127753303965,13.171,1.286,0.7984031936127745,217687375872.0,20,
4432,ウイングアーク１ｓｔ,情報・通信業,3230.0,17.30419,2.4618356,3.219814241486068,,15.608,0.6361355081555834,112051077120.0,20,
6762,ＴＤＫ,電気機器,3006.0,29.195805,2.4819448,1.1976047904191618,11.63,32.99,0.4664764621968616,5705851469824.0,20,
4063,信越化学工業,化学,6090.0,24.090189,2.4844356,1.7405582922824303,11.2320006,5.487,0.4837261503928171,11264652738560.0,20,
6504,富士電機,電気機器,13505.0,20.285698,2.4931579,1.480932987782303,14.274000000000001,8.042,0.5019712430426716,1971610451968.0,20,
6503,三菱電機,電気機器,5641.0,28.429594,2.5257194,0.9750044318383265,10.283000000000001,7.163,0.6766707920792079,11543944101888.0,20,
3221,ヨシックスホールディングス,小売業,3350.0,16.964602,2.5269039,0.8955223880597015,16.652,6.103,0.7431506849315068,34355791872.0,20,売上減(-59%)
6370,栗田工業,機械,7834.0,21.669018,2.5444398,1.4296655603778403,13.613,34.042,0.582080577269994,843696308224.0,20,
4461,第一工業製薬,化学,13530.0,22.342587,2.6107926,1.1086474501108647,18.712,45.002,0.7770460959548448,143567962112.0,20,
6080,Ｍ＆Ａキャピタルパートナーズ,サービス業,4000.0,21.844793,2.6651316,1.3025,16.465001,4.678,0.8984565393988627,127114321920.0,20,
6856,堀場製作所,電気機器,23315.0,22.850674,2.681905,0.9007076989062834,12.679000000000002,17.216,0.6484455958549222,979732594688.0,20,
6490,ＰＩＬＬＡＲ,機械,9860.0,25.375746,2.6929605,1.3184584178498986,13.545999,13.679,0.7271051014136447,225411563520.0,20,
4022,ラサ工業,化学,2209.0,19.793907,2.7100039,1.6296966953372567,15.272,22.241,0.690843621399177,86286508032.0,20,
7867,タカラトミー,その他製品,3572.0,27.20073,2.8202553,1.7917133258678613,11.7189996,5.321,0.8512658227848101,307135578112.0,20,
6508,明電舎,電気機器,11310.0,21.72368,2.89352,1.3881520778072503,17.820999,21.484,0.803788903924222,513066303488.0,20,
2801,キッコーマン,食料品,1794.0,27.173586,2.8946784,1.3935340022296545,12.088000000000001,10.577,0.9587044534412955,1664364838912.0,20,
6101,ツガミ,機械,5490.0,37.039536,2.9295375,1.5482695810564664,26.708,7.632,0.5191424196018377,255420841984.0,20,
6941,山一電機,電気機器,8040.0,16.341463,3.0246384,1.8407960199004976,24.006,11.414,0.5978584176085663,148393639936.0,20,
7733,オリンパス,精密機器,2131.5,34.856907,3.029007,1.4074595355383532,10.5749995,42.638,0.929372197309417,2265470468096.0,20,
7554,幸楽苑,小売業,1153.0,19.067307,3.068399,1.3009540329575022,46.769002,1.162,0.5752212389380531,22035929088.0,20,
8628,松井証券,証券、商品先物取引業,1097.0,18.298582,3.1282616,4.4211485870556055,,623.573,0.9067357512953368,282581499904.0,20,
6754,アンリツ,電気機器,3335.0,36.52393,3.2037024,1.3793103448275863,11.332,2.676,0.5227629513343799,426853007360.0,20,
3741,セック,情報・通信業,3170.0,21.4421,3.218199,1.9558359621451102,17.198,1.208,0.45537757437070936,32364470272.0,20,
4722,フューチャー,情報・通信業,2446.0,17.612326,3.2670224,1.9215044971381847,19.635001,20.427,0.9788257940327237,216901402624.0,20,
6055,ジャパンマテリアル,サービス業,2078.0,20.139563,3.393146,1.539942252165544,20.27,0.214,0.49266862170087977,213564719104.0,20,
6507,シンフォニアテクノロジー,電気機器,12340.0,23.989113,3.4179,1.2560777957860616,16.547,16.723,0.5210084033613446,348181495808.0,20,
3091,ブロンコビリー,小売業,2745.0,33.82625,3.578375,0.9653916211293261,11.083,1.872,0.8484425848442585,81801650176.0,20,
7085,カーブスホールディングス,サービス業,957.0,19.91261,3.6813924,1.9853709508881923,22.444999,16.061,0.8426573426573427,85738668032.0,20,
7729,東京精密,精密機器,17630.0,29.106337,3.7507455,1.4861032331253545,14.399999999999999,6.665,0.7245302792125159,715596365824.0,20,
6058,ベクトル,サービス業,1805.0,16.574839,3.800616,1.8282548476454294,30.113,31.44,0.7901364113326338,84662517760.0,20,
3276,ＪＰＭＣ,不動産業,2244.0,20.161724,3.8199515,1.3814616755793228,19.889000000000003,7.053,0.9990157480314961,37561765888.0,20,
3774,インターネットイニシアティブ,情報・通信業,3469.0,24.899511,3.820695,1.12424329778034,16.308,47.228,0.8833762886597938,615157792768.0,20,
3561,力の源ホールディングス,小売業,1608.0,26.482212,4.024205,1.2437810945273633,12.008000000000001,17.296,0.6751152073732719,48410034176.0,20,利益急減(-71%)
5805,ＳＷＣＣ,非鉄金属,13640.0,21.429358,4.105583,1.6348973607038124,23.683001,41.418,0.52824184566428,404129906688.0,20,
4396,システムサポートホールディングス,情報・通信業,1398.0,15.43387,4.2322726,1.7882689556509301,27.266002,47.65,0.5764192139737991,28805152768.0,20,
4194,ビジョナル,情報・通信業,9037.0,20.994797,4.438239,,24.264999,0.191,0.45233798195242003,363462950912.0,20,
3097,物語コーポレーション,小売業,5750.0,25.32705,4.6828146,0.8,19.886999,36.905,0.9166666666666666,220802580480.0,20,
6981,村田製作所,電気機器,7331.0,57.529625,4.83699,0.8866457509207474,10.062999999999999,2.009,0.47163002706424195,13344709804032.0,20,
6323,ローツェ,機械,3917.0,35.869965,4.971513,0.4340056165432729,15.192,15.139,0.6409969196303557,679332151296.0,20,
4812,電通総研,情報・通信業,2705.0,30.092335,5.0092683,1.595822550831793,17.538999,2.348,0.8480902777777778,527962243072.0,20,
7735,ＳＣＲＥＥＮホールディングス,電気機器,13180.0,27.109858,5.0133076,1.1115326251896813,18.87,1.215,0.543470730862487,2492177580032.0,20,利益急減(-37%)
6590,芝浦メカトロニクス,電気機器,4110.0,24.16368,5.0326695,1.4598540145985401,20.497999,16.155,0.5040394973070018,269776158720.0,20,利益急減(-33%)
4373,シンプレクス・ホールディングス,情報・通信業,1125.0,24.872871,5.065674,1.6,21.843,44.158,0.7858672376873662,251838939136.0,20,
9766,コナミグループ,情報・通信業,21680.0,26.075243,5.068939,1.021678966789668,21.156,9.489,0.49310872894333846,2938864402432.0,20,
2492,インフォマート,サービス業,573.0,61.349037,5.081454,1.1343804537521813,10.783,2.259,0.8540372670807453,152709005312.0,20,
3769,ＧＭＯペイメントゲートウェイ,情報・通信業,9403.0,30.054016,5.709175,1.5314261405934277,21.662001,41.874,0.7053221288515407,714092707840.0,20,
6871,日本マイクロニクス,電気機器,13880.0,28.689543,5.8927245,0.6844380403458213,26.163998,4.978,0.6913137114142139,538141360128.0,20,
7747,朝日インテック,精密機器,3972.0,32.951717,6.3400145,1.2565458207452165,19.740999000000002,4.969,0.8457327693456084,1053868228608.0,20,
212A,フィットイージー,サービス業,2970.0,26.018396,7.5402145,1.5151515151515151,38.386002000000005,5.042,0.5743243243243243,49581891584.0,20,
7741,ＨＯＹＡ,精密機器,25415.0,34.159485,8.374025,1.1607318512689357,26.529999999999998,4.404,0.5680242634315424,8501837955072.0,20,
9983,ファーストリテイリング,小売業,74940.0,48.031998,8.428041,0.773952495329597,22.481,28.419,0.6896863010607086,22995414286336.0,20,
4062,イビデン,電気機器,19715.0,91.69341,9.667836,0.12680699974638598,12.655,31.919,0.6789133086608639,5509720571904.0,20,
6532,ベイカレント,サービス業,7427.0,29.82252,10.125813,1.3464386697185944,38.583001,5.267,0.6887629839471199,1091650387968.0,20,
7936,アシックス,その他製品,4853.0,27.151169,10.875582,0.741809190191634,42.215002,28.031,0.696640826873385,3440344563712.0,20,
2371,カカクコム,サービス業,3700.0,38.955566,11.295675,1.3513513513513513,30.614,12.468,0.9816007359705612,731994193920.0,20,
4413,ボードルア,情報・通信業,3035.0,38.63781,11.729152,0.24975288303130147,40.512002,45.758,0.7954949614700652,94677590016.0,20,
4443,Ｓａｎｓａｎ,情報・通信業,2024.0,125.40273,12.152069,0.12351778656126483,36.495999,12.968,0.896431679721497,253660495872.0,20,
6098,リクルートホールディングス,サービス業,15740.0,45.278027,12.347441,0.1588310038119441,36.222,10.003,0.886654478976234,21836685377536.0,20,
5803,フジクラ,非鉄金属,5328.0,56.072407,14.498905,0.7038288288288288,38.956,18.072,0.570344713838034,8821572370432.0,20,
6857,アドバンテスト,電気機器,35020.0,67.818275,24.316404,0.1684751570531125,56.894999999999996,10.374,0.8688118811881188,25294299725824.0,20,
5122,オカモト,ゴム製品,6450.0,22.801188,1.0035236,1.8604651162790697,6.0760003,2.939,0.8798798798798799,109611573248.0,19,
8032,日本紙パルプ商事,卸売業,1213.0,30.802437,1.0233203,2.8029678483099754,4.559,80.497,0.8927392739273927,133712797696.0,19,
3402,東レ,繊維製品,1279.0,24.214314,1.0252768,1.5637216575449568,5.609,46.26,0.7589860793683773,1863070908416.0,19,
7911,ＴＯＰＰＡＮホールディングス,その他製品,5090.0,22.395283,1.035042,1.1394891944990178,5.614,37.443,0.6295313881520778,1429476212736.0,19,
4801,セントラルスポーツ,サービス業,2452.0,21.368193,1.0361784,1.631321370309951,5.0380003,14.997,0.5636363636363636,27463903232.0,19,
7976,三菱鉛筆,その他製品,2861.0,20.840618,1.0413282,1.800069905627403,5.6129999999999995,20.886,0.8747514910536779,143076425728.0,19,
6351,鶴見製作所,機械,2292.0,21.366646,1.0464984,1.1780104712041886,6.6750005,13.524,0.6070381231671554,109709139968.0,19,
1377,サカタのタネ,水産・農林業,4455.0,15.656301,1.0549408,1.9079685746352413,7.156999999999999,3.119,0.7824267782426778,188266938368.0,19,
3302,帝国繊維,繊維製品,3240.0,17.625938,1.1198205,1.6975308641975309,6.708,0.046,0.5131938125568699,83026853888.0,19,
6235,オプトラン,機械,2809.0,61.251633,1.1960423,1.957992168031328,2.3359999,5.804,0.3763728109231226,112060809216.0,19,利益急減(-78%)
8079,正栄食品工業,卸売業,4490.0,19.344276,1.2652453,1.670378619153675,6.853,36.834,0.8344827586206897,74414211072.0,19,
3087,ドトール・日レスホールディングス,小売業,3230.0,18.919868,1.2718418,1.7647058823529411,7.5969999999999995,1.753,0.833822091886608,135732232192.0,19,
4216,旭有機材,化学,5830.0,32.935993,1.3378484,2.0583190394511153,4.6479996,8.839,0.4174757281553398,109510090752.0,19,
4665,ダスキン,サービス業,4562.0,23.37689,1.3742181,2.5865848312143798,6.68,0.002,0.826007326007326,214773186560.0,19,
2331,ＡＬＳＯＫ,サービス業,1175.5,17.168102,1.481152,2.4840493407060826,,6.948,0.45,571366113280.0,19,
2269,明治ホールディングス,食料品,4270.0,32.98826,1.4988247,2.459016393442623,5.525,16.913,0.9393521709166093,1157882183680.0,19,
4053,Ｓｕｎ　Ａｓｔｅｒｉｓｋ,情報・通信業,459.0,37.933884,1.5963662,2.178649237472767,6.239,38.421,0.5755395683453237,17914451968.0,19,
9887,松屋フーズホールディングス,小売業,4925.0,25.04322,1.7501652,0.4873096446700508,7.549,90.836,0.1700787401574803,101429075968.0,19,
3196,ホットランドホールディングス,小売業,1659.0,86.90414,2.2017546,0.7836045810729355,5.261000200000001,53.438,0.17687074829931973,43019403264.0,19,
2749,ＪＰホールディングス,サービス業,645.0,12.8768215,2.4088285,1.937984496124031,,19.757,0.3504273504273504,55236820992.0,19,
3673,ブロードリーフ,情報・通信業,444.0,44.758064,3.199331,2.083333333333333,7.344,20.158,0.6220472440944882,80446611456.0,19,
4634,ａｒｔｉｅｎｃｅ,化学,4820.0,12.243757,6.2770877,0.16597510373443983,7.4099995000000005,25.792,0.8223234624145785,226046869504.0,19,
3496,アズーム,不動産業,4915.0,29.106953,8.041215,2.563580874872838,,15.677,0.4319654427645788,60628189184.0,19,利益急減(-61%)
6620,宮越ホールディングス,不動産業,699.0,,1.1319654,,-8.131,,0.26480836236933797,27969744896.0,18,赤字(EPS≤0)
4612,日本ペイントホールディングス,化学,1166.0,18.516754,1.3509333,1.3722126929674099,11.344,70.361,0.6500450585761489,2704491151360.0,18,
3656,ＫＬａｂ,情報・通信業,191.0,12.042875,1.3567171,,4.817,,0.19811320754716982,15169502208.0,18,
6533,Ｏｒｃｈｅｓｔｒａ　Ｈｏｌｄｉｎｇｓ,サービス業,1190.0,,1.6883695,1.0084033613445378,15.260000000000002,94.91,0.7401960784313726,11116227584.0,18,赤字(EPS≤0)
4091,日本酸素ホールディングス,化学,5719.0,19.999302,1.953179,1.084105612869383,12.126000000000001,66.209,0.6135029354207436,2475488182272.0,18,
9616,共立メンテナンス,サービス業,3268.0,15.894169,2.0243154,1.4075887392900857,14.646,88.946,0.7749590834697218,297122955264.0,18,
5261,リソルホールディングス,サービス業,7580.0,15.55478,2.2951314,1.4511873350923483,14.591999999999999,69.34,0.6321525885558583,42122543104.0,18,
6278,ユニオンツール,機械,14830.0,28.677507,2.350601,0.4383007417397168,9.521,,0.4039671020803096,288936853504.0,18,
9706,日本空港ビルデング,不動産業,5566.0,17.732891,2.4109735,1.706791232482932,18.511,94.268,0.8182329769274057,516666785792.0,18,
1944,きんでん,建設業,6570.0,18.753212,2.4963617,1.97869101978691,14.601,56.624,0.4546934346174715,1080644861952.0,18,
8015,豊田通商,卸売業,6969.0,19.857529,2.5254967,1.7219113215669393,16.057,93.242,0.8306451612903226,7357703651328.0,18,
7012,川崎重工業,輸送用機器,2675.5,20.696991,2.5264947,1.2782657447206132,14.437,92.947,0.4646539027982327,2336239648768.0,18,
6564,ミダックホールディングス,サービス業,2099.0,20.1285,3.169292,0.857551214864221,17.524,75.482,0.5967213114754099,58102898688.0,18,
9336,大栄環境,サービス業,3655.0,22.855177,3.290765,1.4500683994528043,16.145,95.069,0.5038434661076171,365047611392.0,18,
7974,任天堂,その他製品,8577.0,23.53603,3.3888583,2.553340328786289,,,0.2514222112292852,9888193314816.0,18,
3093,トレジャー・ファクトリー,小売業,2102.0,15.543889,3.6601844,1.9029495718363463,27.972,63.195,0.677124183006536,49273417728.0,18,
6264,マルマエ,機械,2025.0,33.59323,3.7419133,1.5555555555555556,25.491999999999997,87.694,0.5172692385376692,57444573184.0,18,
3197,すかいらーくホールディングス,小売業,3255.0,38.893536,3.8004835,0.7373271889400922,10.2,70.461,0.5548753825972891,740166139904.0,18,
8200,リンガーハット,小売業,2312.0,34.67827,3.901405,0.5622837370242215,12.005,60.012,0.6604651162790698,59914096640.0,18,
3480,ジェイ・エス・ビー,不動産業,8960.0,28.489666,4.0962887,1.171875,15.158,69.232,0.9556285949055053,189000646656.0,18,
6197,ソラスト,サービス業,1118.0,27.395245,4.315419,0.9838998211091234,16.211000000000002,77.224,0.9984472049689441,101235597312.0,18,利益急減(-74%)
8050,セイコーグループ,精密機器,11200.0,41.63569,4.818143,0.7366071428571428,15.445,54.786,0.9363128491620112,915669909504.0,18,
7550,ゼンショーホールディングス,小売業,11485.0,41.594234,5.0689507,0.65302568567697,17.907,91.263,0.925575101488498,1796968415232.0,18,
5016,ＪＸ金属,非鉄金属,3561.0,31.543982,5.17941,0.8705419825891604,23.204,62.477,0.5228875092076186,3306256072704.0,18,
5801,古河電気工業,非鉄金属,3770.0,36.573536,6.069417,0.5570291777188329,22.573,77.557,0.5449355432780847,2652181626880.0,18,
2802,味の素,食料品,5280.0,38.1558,6.507095,0.9090909090909091,18.486,66.233,0.6547231270358306,5033613590528.0,18,
4051,ＧＭＯフィナンシャルゲート,情報・通信業,6650.0,33.32999,7.9006867,1.4887218045112782,26.683,61.082,0.8042553191489362,54906884096.0,18,
9279,ギフトホールディングス,小売業,5070.0,34.859734,8.430386,0.4733727810650888,27.076,50.801,0.8383918013401656,101636792320.0,18,
6027,弁護士ドットコム,サービス業,4420.0,66.76737,13.558615,,24.426001,68.41,0.9918099918099919,100701642752.0,18,
6707,サンケン電気,電気機器,7549.0,,1.2579677,,-8.566,68.051,0.3834867663981588,150909091840.0,17,赤字(EPS≤0) / 売上減(-16%)
6572,オープングループ,サービス業,262.0,24.05877,1.3753498,1.870229007633588,7.066,38.911,0.30666666666666664,14599145472.0,17,
6800,ヨコオ,電気機器,3835.0,22.979208,1.4330609,1.4602346805736637,9.300999000000001,18.462,0.4778450126878782,89420136448.0,17,
6996,ニチコン,電気機器,2699.0,28.761723,1.4505013,1.3708781030011115,6.694999999999999,18.266,0.39605543710021324,181261172736.0,17,
6516,山洋電気,電気機器,5510.0,22.610693,1.4663404,1.875372050816697,8.6169995,3.976,0.4932287990504006,195687874560.0,17,
2212,山崎製パン,食料品,3566.0,16.697102,1.4890397,1.682557487380819,8.939,18.655,0.8249576510446076,702162534400.0,17,
4912,ライオン,化学,1845.0,17.72164,1.534176,0.8130081300813009,9.651,8.876,0.8225806451612904,510512332800.0,17,
5991,日本発條,金属製品,3446.0,25.050888,1.5394148,1.9152640742890308,8.054,12.699,0.6448152562574494,698143145984.0,17,
6073,アサンテ,サービス業,1503.0,60.04794,1.5622953,1.996007984031936,9.5290005,25.643,0.466824644549763,14688704512.0,17,利益急減(-63%)
8132,シナネンホールディングス,卸売業,8580.0,21.021168,1.5652145,1.3986013986013985,9.122,6.007,0.7964601769911505,93006716928.0,17,
6361,荏原製作所,機械,4998.0,29.093662,1.8190691,0.6002400960384154,9.571999,39.549,0.5169772785294868,2276046143488.0,17,
5332,ＴＯＴＯ,ガラス・土石製品,6176.0,25.420868,1.895524,1.7810880829015545,7.417999999999999,4.541,0.4206031026668991,1015658643456.0,17,
5333,ＮＧＫ,ガラス・土石製品,5510.0,26.757965,1.9150935,1.4519056261343013,9.237,28.279,0.5785007072135785,1550972747776.0,17,
9735,セコム,サービス業,6364.0,23.041273,1.9620605,1.571338780641106,8.7110005,4.787,0.6016674386289949,2551581245440.0,17,
2809,キユーピー,食料品,4736.0,26.149853,1.9850135,1.245777027027027,8.178,7.205,0.8535645472061657,641228800000.0,17,
8153,モスフードサービス,卸売業,3855.0,25.947363,2.037463,0.8819714656290532,6.839000400000001,10.013,0.4306930693069307,118969507840.0,17,利益急減(-54%)
6273,ＳＭＣ,機械,70910.0,26.864733,2.0690973,1.410238330277817,9.846,0.232,0.6367169638774577,4443248525312.0,17,
6498,キッツ,機械,1912.0,13.811037,2.3070612,0.7845188284518828,4.796,64.212,0.3675675675675676,166358122496.0,17,利益急減(-69%)
6869,シスメックス,電気機器,1897.5,33.39493,2.3649516,1.8972332015810278,8.334999999999999,25.407,0.8472041612483745,1142374268928.0,17,
7721,東京計器,精密機器,7100.0,29.121037,2.5780168,0.5633802816901409,9.9530004,45.527,0.5595667870036101,116674199552.0,17,
6506,安川電機,電気機器,4929.0,36.381756,2.635616,1.379590180564009,7.510999999999999,24.475,0.4087128712871287,1278424645632.0,17,
4820,イーエムシステムズ,情報・通信業,595.0,27.356321,2.7192664,1.680672268907563,7.309,0.164,0.3095890410958904,41215946752.0,17,
7581,サイゼリヤ,小売業,7330.0,29.814926,2.7425,0.4092769440654843,9.854999000000001,22.327,0.7081659973226239,360112586752.0,17,
4180,Ａｐｐｉｅｒ　Ｇｒｏｕｐ,情報・通信業,1274.0,38.794155,3.2564797,0.17660910518053377,9.305,30.891,0.5658986175115207,130086846464.0,17,
6976,太陽誘電,電気機器,9686.0,89.7683,3.4259694,0.9291761304976255,5.335,40.27,0.32182525645560667,1212172861440.0,17,
9861,吉野家ホールディングス,小売業,3766.0,52.225765,3.5121915,0.5841741901221456,8.603,45.081,0.7068661971830986,243760611328.0,17,
4553,東和薬品,医薬品,3765.0,35.362072,1.0157168,2.1248339973439574,4.6550002,126.005,0.5799536500579374,185342918656.0,16,
9663,ナガワ,サービス業,5120.0,18.012947,1.3361375,1.171875,5.587000000000001,,0.19736842105263158,79352946688.0,16,
9024,西武ホールディングス,陸運業,3346.0,22.163343,1.4816861,1.2552301255230125,7.507,119.746,0.23287255050888653,850478891008.0,16,
8267,イオン,小売業,1361.0,50.613613,3.1129775,1.0041880969875092,7.205,185.559,0.05285540704738761,3765376385024.0,16,
8360,山梨中央銀行,銀行業,7100.0,21.797194,0.9084702,1.8450704225352115,4.987,,0.8689771766694844,217860308992.0,15,
8366,滋賀銀行,銀行業,2638.0,28.58691,0.9391844,1.061410159211524,4.443,,0.8011111111111111,606421778432.0,15,
1773,ワイ・ティー・エル・コーポレーション・バーハッド,建設業,87.0,16.73077,1.374963,0.05747126436781609,12.212,187.804,0.6875,1012356939776.0,15,
6966,三井ハイテック,電気機器,902.0,52.16888,1.4017835,1.9955654101995564,6.084,75.78,0.42857142857142855,164839948288.0,15,
2217,モロゾフ,食料品,1501.0,47.082813,1.5146226,1.0659560293137909,2.859,10.144,0.2546583850931677,30110957568.0,15,利益急減(-30%)
4919,ミルボン,化学,3175.0,18.744833,2.0568626,1.5118110236220472,11.131,,0.9017580144777663,101005713408.0,15,
8160,木曽路,小売業,2415.0,39.422134,2.1844153,1.2422360248447204,5.449,65.998,0.42403628117913833,68005916672.0,15,売上減(-31%)
9946,ミニストップ,小売業,1831.0,,2.2272553,1.0922992900054616,-27.805000000000003,2.468,0.20562770562770563,53113393152.0,15,赤字(EPS≤0)
4813,ＡＣＣＥＳＳ,情報・通信業,410.0,,2.2675612,,-26.204002,14.065,0.16666666666666666,15417759744.0,15,赤字(EPS≤0)
9278,ブックオフグループホールディングス,小売業,2867.0,18.210112,2.3796775,1.2556679455877224,14.210999999999999,120.574,0.9108391608391608,50323030016.0,15,
9962,ミスミグループ本社,卸売業,3678.0,24.661392,2.5169008,1.4404567699836868,12.247,,0.7480842911877394,966514638848.0,15,
3694,オプティム,情報・通信業,446.0,22.02469,2.5788395,,0.28900001,9.797,0.24719101123595505,24306393088.0,15,
2737,トーメンデバイス,卸売業,28560.0,19.381107,2.7545877,1.8907563025210083,39.269,200.077,0.7960923623445826,194232074240.0,15,
4923,コタ,化学,1235.0,25.065964,3.125878,1.6194331983805668,12.327,,0.5645645645645646,35984117760.0,15,
3186,ネクステージ,小売業,3425.0,15.423064,3.16645,1.313868613138686,22.462,137.051,0.5989304812834224,268492734464.0,15,
6071,ＩＢＪ,サービス業,924.0,15.7813835,3.1776817,1.0822510822510822,20.943001,100.874,0.8359621451104101,34990305280.0,15,利益急減(-57%)
1375,ユキグニファクトリー,水産・農林業,1159.0,15.634696,3.3708322,1.984469370146678,26.201,114.213,0.7794117647058824,46224191488.0,15,
9449,ＧＭＯインターネットグループ,情報・通信業,3877.0,21.59167,3.4148,0.4539592468403405,18.714,248.643,0.6906843533313235,369850482688.0,15,
4733,オービックビジネスコンサルタント,情報・通信業,8131.0,33.727394,3.6235373,1.598819333415324,11.522,,0.673469387755102,611261808640.0,15,
7832,バンダイナムコホールディングス,その他製品,5359.0,24.648148,3.8802207,1.3621944392610563,18.310000000000002,,0.873447946513849,3437080084480.0,15,
4684,オービック,情報・通信業,4606.0,26.833673,4.0280266,1.82370820668693,16.645999,,0.5060430898581187,1983132336128.0,15,
4680,ラウンドワン,サービス業,1323.0,20.930233,4.0537558,1.3605442176870748,21.531999,236.902,0.6293681609601129,347780546560.0,15,
8237,松屋,小売業,2122.0,50.668575,4.1221576,0.5655042412818096,8.628,92.835,0.5421892816419612,107670847488.0,15,
3046,ジンズホールディングス,小売業,6370.0,18.739702,4.1665144,1.664050235478807,,21.778,0.2680221811460259,148710277120.0,15,
7366,ＬＩＴＡＬＩＣＯ,サービス業,1821.0,21.97948,4.41522,0.8237232289950577,26.485002,173.236,0.9306666666666666,62077947904.0,15,
3763,プロシップ,情報・通信業,2304.0,26.455393,5.4092126,1.519097222222222,25.144,,0.8316412859560067,59325161472.0,15,
4385,メルカリ,情報・通信業,4750.0,22.73924,5.725554,,29.884002,199.554,0.8813280736357659,784796811264.0,15,
4480,メドレー,情報・通信業,2892.0,48.425987,6.6558957,1.2448132780082988,11.052,125.867,0.8883018867924528,86892756992.0,15,
3994,マネーフォワード,情報・通信業,5746.0,73.057846,7.1514,,8.583,82.127,0.7508459706730166,318702125056.0,15,
3064,ＭｏｎｏｔａＲＯ,小売業,1818.5,25.28504,7.4035926,1.9796535606268904,,17.302,0.12653446647780925,894288396288.0,15,
9552,クオンツ総研ホールディングス,サービス業,955.0,16.917625,7.632917,0.5235602094240838,64.179003,149.227,0.4586206896551724,48414154752.0,15,
2222,寿スピリッツ,食料品,2701.5,33.24514,9.213376,1.2955765315565426,31.389,,0.930430667297681,417200865280.0,15,
3663,セルシス,情報・通信業,1783.0,23.021305,9.727223,1.346045989904655,27.962999999999997,,0.6204128440366973,52832100352.0,15,
3923,ラクス,情報・通信業,1083.5,29.395008,10.004339,0.6460544531610521,81.297,,0.537215866884564,383677464576.0,15,
3563,ＦＯＯＤ　＆　ＬＩＦＥ　ＣＯＭＰＡＮＩＥＳ,小売業,5660.0,45.131966,10.325622,0.30918727915194344,29.974002,176.208,0.863265306122449,1286345457664.0,15,
8035,東京エレクトロン,電気機器,54660.0,43.670704,11.59701,1.1489206000731798,30.929002,,0.5667046750285063,24831867224064.0,15,
6920,レーザーテック,電気機器,35210.0,40.819874,12.784776,0.9343936381709741,33.929002000000004,,0.4652173913043478,3155895779328.0,15,利益急減(-35%) / 売上減(-26%)
3939,カナミックネットワーク,情報・通信業,529.0,19.894697,51.264656,1.7013232514177694,27.003,,0.6086956521739131,25104910336.0,15,利益急減(-80%)
94345,ソフトバンク第１回社債型種類株式,情報・通信業,3801.0,,62.448658,0.22625624835569585,16.712,159.994,0.6594202898550725,,15,PER算出不可
575A,前澤ホールディングス,機械,1816.0,,,3.4691629955947136,,,0.8703007518796992,69467029504.0,15,
94346,ソフトバンク第２回社債型種類株式,情報・通信業,7581.0,,124.55229,0.11344149848304974,16.712,159.994,0.5516129032258065,,15,PER算出不可
7389,あいちフィナンシャルグループ,銀行業,1769.0,19.865244,1.0003986,1.5262860373092142,5.558,,0.8841328413284133,431163998208.0,14,
8368,百五銀行,銀行業,2179.0,19.762379,1.0042391,1.5603487838458008,6.419,,0.8717624763108023,525988003840.0,14,
7381,ＣＣＩグループ,銀行業,1208.0,21.575281,1.0125784,1.903973509933775,5.692,,0.8525730180806675,267017846784.0,14,
8346,東邦銀行,銀行業,955.0,19.316343,1.0568427,1.780104712041885,6.569999999999999,,0.8890625,238642462720.0,14,
5830,いよぎんホールディングス,銀行業,3820.0,15.03641,1.1881715,1.5706806282722512,7.826000499999999,,0.8603667136812412,1096716713984.0,14,
8818,京阪神ビルディング,不動産業,1089.0,22.532587,1.2301749,1.8365472910927456,5.955,100.15,0.7698019801980198,103895678976.0,14,
7970,信越ポリマー,化学,2216.0,18.111975,1.364853,2.7978339350180503,7.303,,0.5478142076502732,178103730176.0,14,
2211,不二家,食料品,2476.0,57.024414,1.0679051,1.2116316639741518,2.3,25.65,0.5023809523809524,63820398592.0,13,
5821,平河ヒューテック,非鉄金属,3210.0,30.285877,1.1248865,1.4641744548286604,4.222,10.469,0.46996466431095407,49901293568.0,13,
2810,ハウス食品グループ本社,食料品,3765.0,47.198196,1.1722606,1.859229747675963,3.8350000000000004,5.919,0.7316896301667876,335882682368.0,13,
2910,ロック・フィールド,食料品,1412.0,372.55936,1.2900373,1.69971671388102,0.306,3.352,0.532258064516129,36910551040.0,13,
9742,アイネス,情報・通信業,2344.0,,1.3357344,2.1331058020477816,-3.501,9.688,0.9245283018867925,48807817216.0,13,赤字(EPS≤0)
9601,松竹,情報・通信業,10890.0,28.615725,1.4180509,0.27548209366391185,3.4479998,59.855,0.18558558558558558,149668724736.0,13,
5310,東洋炭素,ガラス・土石製品,6800.0,31.995483,1.4617302,2.1323529411764706,4.696,5.46,0.5739299610894941,142610579456.0,13,
2931,ユーグレナ,食料品,351.0,,1.4756455,0.5698005698005698,4.046,73.045,0.19298245614035087,48964796416.0,13,赤字(EPS≤0)
6113,アマダ,機械,2551.0,25.82245,1.4802281,2.4304194433555466,,14.89,0.5461901550910316,786375442432.0,13,
3665,エニグモ,情報・通信業,410.0,49.878345,1.5519309,2.4390243902439024,,0.61,0.5106382978723404,16265765888.0,13,
4997,日本農薬,化学,1171.0,12.681396,1.6339892,0.6404782237403929,3.2800000000000002,33.572,0.9256198347107438,91719131136.0,13,
7725,インターアクション,精密機器,1763.0,34.186543,1.6573645,2.4957458876914353,4.7020003,5.141,0.4852941176470588,17886328832.0,13,利益急減(-51%) / 売上減(-18%)
7220,武蔵精密工業,輸送用機器,3380.0,176.13339,1.770978,1.183431952662722,2.031,78.631,0.14028776978417265,221528145920.0,13,
3099,三越伊勢丹ホールディングス,小売業,3443.0,16.101576,2.0084293,2.0331106593087425,,12.073,0.6132197263103537,1197800554496.0,13,
4344,ソースネクスト,情報・通信業,113.0,,2.9627688,,,75.126,0.15384615384615385,15629592576.0,13,赤字(EPS≤0)
7038,フロンティア・マネジメント,サービス業,571.0,,4.105551,,-8.453,52.167,0.20642201834862386,6712096768.0,13,赤字(EPS≤0)
7033,マネジメントソリューションズ,サービス業,1651.0,14.755564,4.3102546,1.9382192610539066,,7.623,0.9305263157894736,26016569344.0,13,
4828,ビジネスエンジニアリング,情報・通信業,1419.0,17.34931,5.070628,2.9316420014094433,,0.198,0.5804455445544554,84638556160.0,13,
8697,日本取引所グループ,その他金融業,2193.0,37.34037,6.9669695,2.7815777473780208,,15.701,0.8087976539589443,2233441714176.0,13,
7167,めぶきフィナンシャルグループ,銀行業,1628.5,18.303923,1.3710405,1.7193736567393307,9.242,,0.9017038007863696,1528432689152.0,12,
9603,エイチ・アイ・エス,サービス業,1131.0,21.538755,1.4025855,0.8841732979664014,7.239,255.957,0.3660130718954248,84559093760.0,12,
8331,千葉銀行,銀行業,2723.5,18.637514,1.4624648,1.9093078758949882,8.298001000000001,,0.8852292020373514,1882659618816.0,12,
6050,イー・ガーディアン,サービス業,1758.0,28.786638,1.6675947,1.9908987485779295,6.064,,0.3042671614100185,20385495040.0,12,
8308,りそなホールディングス,銀行業,2356.5,20.716484,1.7566943,1.23063865902822,9.229999999999999,,0.8297132927888793,5275902279680.0,12,
4004,レゾナック・ホールディングス,化学,15900.0,54.45765,3.6664329,0.4088050314465409,8.137,118.836,0.7269431899215593,3016341061632.0,12,
590A,ギフティグループ,情報・通信業,1288.0,42.49423,4.1504207,1.2422360248447204,8.254,166.51,0.5945017182130584,38354374656.0,12,利益急減(-42%)
2933,紀文食品,食料品,1119.0,23.220587,1.0232475,1.7873100983020553,4.486,96.947,0.5023696682464455,25546407936.0,11,
6925,ウシオ電機,電気機器,3750.0,39.481995,1.3317059,1.866666666666667,6.687,33.438,0.5417274347755631,297555066880.0,11,
6480,日本トムソン,機械,1687.0,28.862274,1.3514185,1.7486662714878483,7.090000000000001,29.129,0.5455470737913486,117911289856.0,11,
7966,リンテック,その他製品,5670.0,21.445591,1.4254633,1.9400352733686066,7.636,2.594,0.5956937799043063,371375996928.0,11,
6971,京セラ,電気機器,3641.0,35.497707,1.4362352,1.4281790716836034,5.059,10.172,0.8186180422264875,4686172127232.0,11,
3105,日清紡ホールディングス,電気機器,2139.0,13.918532,1.4671365,1.402524544179523,0.8659999999999999,61.656,0.6654611211573237,334175141888.0,11,
6645,オムロン,電気機器,6436.0,36.99063,1.5209302,1.6159105034182724,5.131,31.574,0.7724331926863572,1265506713600.0,11,
6588,東芝テック,電気機器,2948.0,,1.6422318,0.6784260515603799,5.3790003,21.066,0.46021505376344085,156207464448.0,11,赤字(EPS≤0)
2579,コカ・コーラ　ボトラーズジャパンホールディングス,食料品,3741.0,33.876663,1.6636354,1.7909649826249665,5.369,47.463,0.5865946918578497,605196779520.0,11,
6594,ニデック,電気機器,2633.0,25.121649,1.7154514,0.759589821496392,6.313000000000001,40.098,0.5577051367578385,3018234003456.0,11,
6268,ナブテスコ,機械,4512.0,26.639902,1.8590524,1.795212765957447,7.340000000000001,19.467,0.47490980649393244,528736550912.0,11,
6752,パナソニック　ホールディングス,電気機器,4342.0,53.585094,1.87533,0.9212344541685858,5.25,27.876,0.8175598631698974,10138244087808.0,11,
7309,シマノ,輸送用機器,19435.0,29.082556,1.8896827,1.8060200668896322,6.847,0.379,0.6842501883948756,1651798048768.0,11,
2593,伊藤園,食料品,2973.0,99.232315,1.944047,1.6145307769929365,2.125,36.886,0.3211610486891386,342579740672.0,11,
6622,ダイヘン,電気機器,13050.0,22.08346,1.967281,1.3793103448275863,,47.641,0.4493464052287582,308068909056.0,11,
6266,タツモ,機械,3620.0,27.101892,1.9953952,0.9392265193370166,7.6450000000000005,31.367,0.48342541436464087,52464427008.0,11,
2695,くら寿司,小売業,1694.0,38.6317,1.9959939,0.5903187721369539,4.1789997,45.821,0.3471552555448409,134649741312.0,11,
6965,浜松ホトニクス,電気機器,2345.0,51.234432,2.1375155,1.62046908315565,5.5180001999999995,29.955,0.5353846153846153,677087870976.0,11,
6841,横河電機,電気機器,5079.0,22.301746,2.5153115,1.5357353809805079,,4.682,0.42605470560964304,1270980804608.0,11,
6383,ダイフク,機械,5841.0,26.920773,4.3336773,1.4381099126861838,,9.056,0.40636042402826855,2174101749760.0,11,
7630,壱番屋,小売業,942.0,58.54568,4.7315044,1.6985138004246285,7.539,3.972,0.6,150348201984.0,11,
4392,ＦＩＧ,情報・通信業,1403.0,53.754787,6.934936,0.3563791874554526,,21.879,0.4013605442176871,42615103488.0,11,
8136,サンリオ,卸売業,1163.0,25.971416,9.051429,1.1865864144454,,7.69,0.42651796778190837,1410056323072.0,11,
4755,楽天グループ,サービス業,757.4,,1.8049321,,0.33999999999999997,363.838,0.1864539748953974,1652635860992.0,10,赤字(EPS≤0)
2378,ルネサンス,サービス業,1059.0,,2.0933487,1.2275731822474032,-19.316,309.479,0.2804878048780488,20031256576.0,10,赤字(EPS≤0)
6330,東洋エンジニアリング,建設業,2265.0,,2.8488095,1.1037527593818985,-24.174,113.597,0.1130684145841868,132723171328.0,10,赤字(EPS≤0)
8798,アドバンスクリエイト,保険業,147.0,,10.030706,,,1049.962,0.12411347517730496,5431095296.0,10,赤字(EPS≤0)
6740,ジャパンディスプレイ,電気機器,47.0,,87.68656,,,1405.733,0.20408163265306123,200484978688.0,10,赤字(EPS≤0) / 売上減(-26%)
7780,メニコン,精密機器,1923.0,24.428352,1.4846257,1.456058242329693,7.904,84.733,0.8363453815261044,142794227712.0,9,
3086,Ｊ．フロント　リテイリング,小売業,2885.0,25.57624,1.7203658,1.8717504332755632,6.483,83.507,0.5231270358306189,709445943296.0,9,
6779,日本電波工業,電気機器,2770.0,30.846325,1.9332639,1.083032490974729,7.64,85.548,0.4560466245750364,63515480064.0,9,
9072,ニッコンホールディングス,陸運業,5445.0,35.62083,2.6935298,1.3774104683195594,6.87,51.913,0.653288740245262,675356803072.0,9,利益急減(-49%)
7186,横浜フィナンシャルグループ,銀行業,1853.0,19.698097,1.4150785,2.0507285483000537,,,0.8484848484848485,2059567759360.0,8,
6866,日置電機,電気機器,10950.0,20.663107,3.2071457,2.009132420091324,,,0.6532846715328468,146789695488.0,8,
2607,不二製油,食料品,4457.0,34.393085,1.5481668,1.166704061027597,6.018,114.175,0.8773234200743495,383223955456.0,6,
5726,大阪チタニウムテクノロジーズ,非鉄金属,2771.0,39.659367,2.2854156,0.46914471309996386,7.301,115.203,0.6059347181008902,101968347136.0,6,
2678,アスクル,小売業,1255.0,,2.3507245,0.796812749003984,-32.922000000000004,136.741,0.33116883116883117,112364625920.0,6,赤字(EPS≤0)
4186,東京応化工業,化学,8772.0,26.229704,2.5640607,0.364797081623347,5.5440000000000005,,0.5116990005878895,1052428730368.0,6,
2413,エムスリー,サービス業,1732.5,23.8735,2.8325949,1.2698412698412698,,,0.300552104899931,1156322557952.0,6,
3397,トリドールホールディングス,小売業,4289.0,198.65678,4.080448,0.25647003963627885,,172.517,0.41969457609268035,377136742400.0,6,利益急減(-32%)
5344,ＭＡＲＵＷＡ,ガラス・土石製品,55020.0,36.145054,4.4850826,0.18538713195201745,,,0.3833299778538353,678938411008.0,6,
2590,ダイドーグループホールディングス,食料品,2959.0,,1.431031,1.0138560324433932,-35.978,49.153,0.7605442176870748,93796974592.0,5,赤字(EPS≤0)
2501,サッポロビール,食料品,1924.0,79.635765,1.4627541,1.9750519750519753,,28.817,0.6588790853734311,750308032512.0,5,
2531,宝ホールディングス,食料品,2112.0,34.932186,1.5707273,1.3731060606060606,2.7720000000000002,22.88,0.771620921802175,404330479616.0,5,利益急減(-64%)
4203,住友ベークライト,化学,7247.0,22.653955,1.7687767,1.5178694632261627,,8.326,0.775615688659167,635818541056.0,5,
6630,ヤーマン,電気機器,815.0,,1.8419495,1.6564417177914113,,0.411,0.8603351955307262,44842266624.0,5,赤字(EPS≤0)
4967,小林製薬,化学,5543.0,251.95454,1.9651241,1.8942810752300199,0.78100003,0.345,0.46216216216216216,412059009024.0,5,利益急減(-64%)
9468,ＫＡＤＯＫＡＷＡ,情報・通信業,3570.0,459.45947,2.195013,0.8403361344537815,,0.39,0.6862900039510075,524667486208.0,5,
5393,ニチアス,ガラス・土石製品,3294.0,19.904526,2.5534232,1.6595931997571343,,4.505,0.6370864585286514,619106271232.0,5,
9900,サガミホールディングス,小売業,2173.0,40.390335,3.3299723,0.5522319374137138,,2.262,0.8534370946822308,65460641792.0,5,
6501,日立製作所,電気機器,5225.0,29.611788,3.5648665,0.9569377990430622,,15.628,0.6328371673432567,23387833368576.0,5,
4661,オリエンタルランド,サービス業,2897.5,38.981567,4.211709,0.5176876617773942,,28.924,0.49286600496277916,4751078981632.0,5,
2175,エス・エム・エス,サービス業,2244.0,,6.5199203,1.3146167557932262,-40.273997,19.986,0.7215282880235121,184188518400.0,5,赤字(EPS≤0)
6324,ハーモニック・ドライブ・システムズ,機械,5670.0,328.125,6.595324,0.3527336860670194,3.708,20.752,0.49078138718173836,536760713216.0,5,
6525,ＫＯＫＵＳＡＩ　ＥＬＥＣＴＲＩＣ,電気機器,8105.0,63.23633,8.416993,0.4565083281924738,,22.405,0.5719338395922189,1891576053760.0,5,
2594,キーコーヒー,食料品,2022.0,43.794674,1.3455368,0.5934718100890208,4.119,59.236,0.6781609195402298,43318218752.0,3,
8233,高島屋,小売業,2270.0,,1.4635257,1.4977973568281937,-0.54,86.255,0.7448171880889559,665142689792.0,3,赤字(EPS≤0)
4565,ネクセラファーマ,医薬品,1167.0,,1.6455346,,-11.942001,83.956,0.8473282442748091,107050254336.0,3,赤字(EPS≤0)
2882,イートアンドホールディングス,食料品,2062.0,62.712894,2.05217,0.7274490785645005,4.4770002,74.175,0.6912442396313364,23419361280.0,3,
4324,電通グループ,サービス業,3474.0,,2.1238315,,,92.676,0.6753246753246753,901802426368.0,3,赤字(EPS≤0)
3436,ＳＵＭＣＯ,金属製品,3517.0,,2.1649098,0.5686664771111744,-4.061,57.301,0.49625623960066556,1230008614912.0,3,赤字(EPS≤0)
4911,資生堂,化学,3503.0,,2.198939,1.4273479874393378,-3.079,51.517,0.8752399232245681,1399884087296.0,3,赤字(EPS≤0)
6963,ローム,電気機器,4843.0,,2.4150975,1.0324179227751393,,51.627,0.6972764521571463,1869567885312.0,3,赤字(EPS≤0)
8163,ＳＲＳホールディングス,小売業,1499.0,40.789116,3.5062852,0.66711140760507,,85.051,0.7827868852459017,61990580224.0,3,利益急減(-47%)
7453,良品計画,小売業,4241.0,37.761555,6.160009,0.4291440697948597,-4.765,59.899,0.8081918081918081,2251242864640.0,3,
2752,フジオフードグループ本社,小売業,1131.0,,6.804195,0.2652519893899204,-0.422,91.421,0.5771812080536913,58019512320.0,3,赤字(EPS≤0)
4307,野村総合研究所,情報・通信業,4860.0,182.70677,7.2842927,1.5843621399176955,4.6040002,62.286,0.45368492224476,2720129351680.0,3,
7421,カッパ・クリエイト,小売業,1588.0,,8.304701,0.3148614609571789,-14.782,69.75,0.6801152737752162,78371569664.0,3,赤字(EPS≤0)
8283,ＰＡＬＴＡＣ,卸売業,6630.0,18.484444,1.335827,1.0105580693815988,,,0.97639653815893,401983012864.0,0,
2874,横浜冷凍,卸売業,2173.0,40.563747,1.4977179,1.150483202945237,3.1029999999999998,124.339,0.6595208070617906,128531128320.0,0,
9147,ＮＩＰＰＯＮ　ＥＸＰＲＥＳＳホールディングス,陸運業,5516.0,70.91798,1.5803202,1.8129079042784626,2.456,101.717,0.8962546816479401,1310733369344.0,0,
7683,ダブルエー,小売業,1397.0,38.805557,2.5069628,1.2168933428775948,3.8629998,,0.6333333333333333,26653247488.0,0,
7616,コロワイド,小売業,2009.5,128.15689,2.5349941,0.2488181139586962,1.936,231.952,0.6958661417322834,213621489664.0,0,
9850,グルメ杵屋,小売業,985.0,100.10162,2.5402966,0.7106598984771574,0.76800003,308.048,0.5333333333333333,22530914304.0,0,
6134,ＦＵＪＩ,機械,7373.0,41.316895,2.6693382,1.2206700122067002,,,0.7515036403925293,648183087104.0,0,
3778,さくらインターネット,情報・通信業,3915.0,700.3578,5.0942802,0.1277139208173691,4.639,121.243,0.7712933753943217,156696543232.0,0,
6861,キーエンス,電気機器,79650.0,43.42895,5.443375,0.6905210295040803,,,0.7728645976380115,19317127118848.0,0,
9697,カプコン,情報・通信業,4132.0,31.653135,6.025045,1.0890609874152952,,,0.8078703703703703,1728452100096.0,0,
3387,クリエイト・レストランツ・ホールディングス,小売業,767.0,68.97482,7.105536,0.5867014341590613,,133.997,0.5714285714285714,345917751296.0,0,
545A,トランヴィア,情報・通信業,960.0,,,,,,0.8444444444444444,38342983680.0,0,
